column,total_count,finite_count,finite_rate,null_count,nan_count,inf_count
f_context_market_return,11446950,11446950,1.0,0,0,0
f_context_market_median,11446950,11446950,1.0,0,0,0
f_context_advance_ratio,11446950,11446950,1.0,0,0,0
f_context_return_iqr,11446950,11446950,1.0,0,0,0
f_context_limit_up_ratio,11446950,11446950,1.0,0,0,0
f_context_limit_down_ratio,11446950,11446950,1.0,0,0,0
f_context_market_trend5,11446950,11446950,1.0,0,0,0
f_context_market_trend20,11446950,11446950,1.0,0,0,0
f_context_market_shock,11446950,11446950,1.0,0,0,0
f_context_market_amount_ratio,11446950,11446950,1.0,0,0,0
f_context_amount_concentration,11446950,11446950,1.0,0,0,0
f_context_amount_rank20,11446950,11405619,0.9963893438863627,41331,0,0
f_context_stock_amount_ratio,11446950,11405619,0.9963893438863627,41331,0,0
f_context_low_amount_return,11446950,11446950,1.0,0,0,0
f_context_high_amount_return,11446950,11446950,1.0,0,0,0
f_context_amount_spread,11446950,11446950,1.0,0,0,0
f_context_amount_spread5,11446950,11446950,1.0,0,0,0
f_context_relative_return,11446950,11431602,0.9986592061640874,15348,0,0
f_context_group_relative_return,11446950,11405619,0.9963893438863627,41331,0,0
f_context_return_rank,11446950,11431602,0.9986592061640874,15348,0,0
f_context_relative_trend5,11446950,11385924,0.9946687982388321,61026,0,0
f_context_relative_trend20,11446950,11283755,0.9857433639528433,163195,0,0
f_context_shock_x_relative,11446950,11431602,0.9986592061640874,15348,0,0
f_context_down_x_relative,11446950,11431602,0.9986592061640874,15348,0,0
f_context_spread_x_amount_rank,11446950,11405619,0.9963893438863627,41331,0,0
f_context_amount_x_stock_amount,11446950,11405619,0.9963893438863627,41331,0,0
