context_groups,feature_count,best_iteration,validation_rank_ic,top_n,ic_mean,rank_ic_mean,net_sharpe,mean_daily_cost,evaluation_status,days,task_id,run_id,net_cumulative_return,net_annualized_return,net_annualized_volatility,net_max_drawdown,net_win_rate,average_turnover,delayed_exits,unsettled_positions,gross_cumulative_return,gross_sharpe,information_ratio_universe,information_ratio_hs300,missing_data_orders
interaction,162,393,0.10786630713062176,5,0.056105446526332266,0.09724907294160731,0.4507432838520234,0.0019928755186875914,incomplete_market_data,909,backtest#qlib_factor_backtest#2026100913Buz5,d55368cc1606401ca8e3525f44bbf814,0.4530010352639493,0.10913551680582456,0.3136852183046978,-0.36578103228930314,0.5115511551155115,1.9924313379139882,14,5,7.862098232990142,2.0452269176802873,2.434391267417929,2.294960451566598,36
interaction,162,393,0.10786630713062176,10,0.056105446526332266,0.09724907294160731,0.4814320235747549,0.0019940342812944647,incomplete_market_data,909,backtest#qlib_factor_backtest#2026100913Buz5,d55368cc1606401ca8e3525f44bbf814,0.4838545501483451,0.11561521564682753,0.291377008824204,-0.4053961383664513,0.5203520352035204,1.9935888097212644,31,10,8.059711148016088,2.1984508761609507,2.8919898511639515,2.5594648655203636,36
interaction,162,393,0.10786630713062176,20,0.056105446526332266,0.09724907294160731,0.3628679266720399,0.0019926198682531002,incomplete_market_data,909,backtest#qlib_factor_backtest#2026100913Buz5,d55368cc1606401ca8e3525f44bbf814,0.30550744499552596,0.07670628050895623,0.27752954425879567,-0.39384521946197215,0.5225522552255225,1.992174488088129,63,20,6.963166844385503,2.1647242832213363,3.0476041418706856,2.600930230943191,36
interaction,162,393,0.10786630713062176,30,0.056105446526332266,0.09724907294160731,0.3363654815066212,0.0019934406451516907,incomplete_market_data,909,backtest#qlib_factor_backtest#2026100913Buz5,d55368cc1606401ca8e3525f44bbf814,0.27016307931635986,0.06854478334300151,0.2738013813082264,-0.4038106548960718,0.5291529152915292,1.9929949727301564,96,30,6.753319438340808,2.163084961624538,3.168198419702094,2.6058689884813333,36
liquidity,164,288,0.11317249922863842,5,0.054848140401919564,0.09760568864474668,0.3929240123628408,0.0019914727955960853,incomplete_market_data,909,backtest#qlib_factor_backtest#2026100913b7vt,d2cd9458ea6c491f86636fa325aa338b,0.35843180994909263,0.08863370971842666,0.30582010038065244,-0.37241912909521646,0.5225522552255225,1.9910285675119284,15,5,7.27582663439353,2.0272102274044155,2.4548228659360793,2.1772366550875426,54
liquidity,164,288,0.11317249922863842,10,0.054848140401919564,0.09760568864474668,-0.08046530004126975,0.0019929838958781887,incomplete_market_data,909,backtest#qlib_factor_backtest#2026100913b7vt,d2cd9458ea6c491f86636fa325aa338b,-0.1793131443734013,-0.05331037506424019,0.2922497756446208,-0.402562025286731,0.5159515951595159,1.9925380933058556,27,10,4.011746435816244,1.632408787200904,2.0078094100988606,1.7436618558597714,54
liquidity,164,288,0.11317249922863842,20,0.054848140401919564,0.09760568864474668,0.03678064540577777,0.0019924533710185465,incomplete_market_data,909,backtest#qlib_factor_backtest#2026100913b7vt,d2cd9458ea6c491f86636fa325aa338b,-0.06456866682303364,-0.018334114900334764,0.2842276765430568,-0.35351378192848504,0.5291529152915292,1.9920081734474422,59,20,4.708567756718583,1.7971972584114524,2.5073294766711824,1.982063129580057,54
liquidity,164,288,0.11317249922863842,30,0.054848140401919564,0.09760568864474668,0.040855257120586366,0.0019922631210711364,incomplete_market_data,909,backtest#qlib_factor_backtest#2026100913b7vt,d2cd9458ea6c491f86636fa325aa338b,-0.055656271311514405,-0.015750111168534864,0.2783494056106142,-0.3433839061900411,0.528052805280528,1.991817846800377,87,30,4.762035970419107,1.838261736350378,2.7491552377824857,2.0506751478547445,54
"liquidity,interaction",168,273,0.11100259998251581,5,0.05579448559507002,0.09879059935630315,0.562908557001011,0.0019935618229098267,incomplete_market_data,909,backtest#qlib_factor_backtest#2026100914pm75,15d3da0fb86b48e9b511985cb3254d56,0.6446106395818834,0.14788579075934316,0.30938511825913423,-0.3649916549675485,0.5236523652365237,1.9931171986715237,13,5,9.03503458261314,2.1798609797234647,2.9392012511183334,2.4199179348467994,35
"liquidity,interaction",168,273,0.11100259998251581,10,0.05579448559507002,0.09879059935630315,0.6452863777440259,0.0019947091379539216,incomplete_market_data,909,backtest#qlib_factor_backtest#2026100914pm75,15d3da0fb86b48e9b511985cb3254d56,0.7618039382323023,0.17000106971940765,0.2912741842898856,-0.3457622502633637,0.5489548954895489,1.9942629042797468,21,10,9.760941395095397,2.363776083843722,3.594910706289253,2.6664815136671254,35
"liquidity,interaction",168,273,0.11100259998251581,20,0.05579448559507002,0.09879059935630315,0.3762795966152653,0.00199439964510744,incomplete_market_data,909,backtest#qlib_factor_backtest#2026100914pm75,15d3da0fb86b48e9b511985cb3254d56,0.3265133580334081,0.08148142623773813,0.28704770812177244,-0.3165546368149409,0.5478547854785478,1.9939528713209083,43,20,7.104819057225686,2.120786504138249,3.4099285775647803,2.4222895580630275,35
"liquidity,interaction",168,273,0.11100259998251581,30,0.05579448559507002,0.09879059935630315,0.3658098677937964,0.001994755843604375,incomplete_market_data,909,backtest#qlib_factor_backtest#2026100914pm75,15d3da0fb86b48e9b511985cb3254d56,0.3123585027407112,0.07826975298954086,0.28686879518709685,-0.3300723362104545,0.5401540154015402,1.994309190719374,68,30,7.020963482008389,2.111629341485324,3.562023657586837,2.434179715996013,35
"liquidity,relative",169,277,0.11183392787774002,5,0.054329010644434385,0.09834952118858843,0.17049946349201262,0.001988279192981421,incomplete_market_data,909,backtest#qlib_factor_backtest#2026100914HGdE,975e7b531f484b76acbb0c7f0c03e3b8,0.0535458540921947,0.014565668375643437,0.3244728599256821,-0.43488775869367347,0.5126512651265126,1.9878392938848486,15,5,5.403073262700684,1.7094009581996552,2.0999525753241626,1.8514332953128256,42
"liquidity,relative",169,277,0.11183392787774002,10,0.054329010644434385,0.09834952118858843,0.2866190378162014,0.0019926229272700627,incomplete_market_data,909,backtest#qlib_factor_backtest#2026100914HGdE,975e7b531f484b76acbb0c7f0c03e3b8,0.20892779327544742,0.0540074115482283,0.30186165960045386,-0.397218149748656,0.5258525852585259,1.9921787388758485,25,10,6.37546485526971,1.9442791513620297,2.8058328488372815,2.147977251044955,42
"liquidity,relative",169,277,0.11183392787774002,20,0.054329010644434385,0.09834952118858843,0.08089540687871268,0.0019932493370926484,incomplete_market_data,909,backtest#qlib_factor_backtest#2026100914HGdE,975e7b531f484b76acbb0c7f0c03e3b8,-0.025817347817264746,-0.007225070007482626,0.2907204582848314,-0.38819757851912373,0.5324532453245324,1.9928036771431188,48,20,4.9492348380816615,1.803035467753308,2.846569693861771,2.016943234174577,42
"liquidity,relative",169,277,0.11183392787774002,30,0.054329010644434385,0.09834952118858843,0.003041043648032724,0.0019939861373156893,incomplete_market_data,909,backtest#qlib_factor_backtest#2026100914HGdE,975e7b531f484b76acbb0c7f0c03e3b8,-0.10152810948421953,-0.02924383601380609,0.290045515833045,-0.3989886047056146,0.5247524752475248,1.9935397415916596,70,30,4.491587340799301,1.7301963816159498,2.833406665027422,1.9412684400210996,42
"liquidity,relative,interaction",173,280,0.11069562173261883,5,0.05496605511243578,0.09897885721297073,0.44992266232545947,0.001995566035759652,incomplete_market_data,909,backtest#qlib_factor_backtest#2026100914hgeG,a84338de289d456e87fb03fa85b19023,0.45847574636952904,0.11029249738601621,0.3199549966241915,-0.4156083924285605,0.5016501650165016,1.995119406706789,13,5,7.917251618799531,2.015429100653668,2.722132514180469,2.246592310663872,33
"liquidity,relative,interaction",173,280,0.11069562173261883,10,0.05496605511243578,0.09897885721297073,0.23798107313201494,0.0019951925455668584,incomplete_market_data,909,backtest#qlib_factor_backtest#2026100914hgeG,a84338de289d456e87fb03fa85b19023,0.1458163764641005,0.03845653522277703,0.3054706718880156,-0.4076131496641523,0.5214521452145214,1.9947458884135232,25,10,6.0069266877708625,1.8780007985391372,2.7327574132167474,2.123004089471856,33
"liquidity,relative,interaction",173,280,0.11069562173261883,20,0.05496605511243578,0.09897885721297073,0.28237665808212137,0.001995651609785382,incomplete_market_data,909,backtest#qlib_factor_backtest#2026100914hgeG,a84338de289d456e87fb03fa85b19023,0.20327453490031466,0.05263869323292836,0.2981292484117798,-0.3577254597961138,0.5445544554455446,1.9952046444112872,50,20,6.3605957541243,1.962848345080906,3.2009627383409587,2.2369637335850463,33
"liquidity,relative,interaction",173,280,0.11069562173261883,30,0.05496605511243578,0.09897885721297073,0.16923718665326393,0.001994552153631105,incomplete_market_data,909,backtest#qlib_factor_backtest#2026100914hgeG,a84338de289d456e87fb03fa85b19023,0.06730299448826749,0.01822121714728242,0.2939214493137573,-0.3836947940008253,0.5324532453245324,1.9941055615046672,70,30,5.524320285329997,1.8734567430453597,3.2041508329442996,2.136951012166082,33
market,169,352,0.11053559287248152,5,0.054575579551148015,0.09537437717084114,0.47924305022847313,0.0019923204921528906,incomplete_market_data,909,backtest#qlib_factor_backtest#2026100913phrU,4af1c26d7a1a4a2db0033444b207af92,0.5110005772785595,0.12123623708570519,0.3228597746728793,-0.37395593794467297,0.5005500550055005,1.991878514263691,20,5,8.20883578421979,2.0271348182925224,2.2206818469053697,2.2207258362262348,20
market,169,352,0.11053559287248152,10,0.054575579551148015,0.09537437717084114,0.31315135971237,0.0019930412662286386,incomplete_market_data,909,backtest#qlib_factor_backtest#2026100913phrU,4af1c26d7a1a4a2db0033444b207af92,0.24342408670869564,0.06226063159307116,0.2915511309030947,-0.41017239293448715,0.506050605060506,1.9925975467419725,36,10,6.587288067999365,2.0286225978465326,2.3527556458356687,2.273375198199815,20
market,169,352,0.11053559287248152,20,0.054575579551148015,0.09537437717084114,0.18548293020118659,0.0019915561926377476,incomplete_market_data,909,backtest#qlib_factor_backtest#2026100913phrU,4af1c26d7a1a4a2db0033444b207af92,0.09334440661595766,0.02504872879954778,0.2754215251488827,-0.441606607220249,0.5181518151815182,1.9911140265861613,74,20,5.663513911550244,1.999255799018269,2.4243024299242135,2.26908774750322,20
market,169,352,0.11053559287248152,30,0.054575579551148015,0.09537437717084114,0.051134865686493516,0.0019902048994689344,incomplete_market_data,909,backtest#qlib_factor_backtest#2026100913phrU,4af1c26d7a1a4a2db0033444b207af92,-0.040824542246448825,-0.01148869634691374,0.2720527125090727,-0.4368732579360728,0.5247524752475248,1.9897624634570052,116,30,4.840144921504743,1.8865641572862109,2.3754114643116027,2.148015473110699,20
"market,interaction",173,415,0.10814795385142693,5,0.05613300324266433,0.09806091140078928,0.4957399809453905,0.0019919172609732215,incomplete_market_data,909,backtest#qlib_factor_backtest#2026100913oP0M,a8823571a49e4148a4356e118a4ee6f4,0.5384940783475147,0.12685529723962574,0.3230580387765715,-0.3593321538272576,0.5126512651265126,1.9914762517684865,18,5,8.372480873670916,2.04228662290574,2.364236743023326,2.2670705264511035,583
"market,interaction",173,415,0.10814795385142693,10,0.05613300324266433,0.09806091140078928,0.43652376939317056,0.001992293170752212,incomplete_market_data,909,backtest#qlib_factor_backtest#2026100913oP0M,a8823571a49e4148a4356e118a4ee6f4,0.42446743797024045,0.10305391381867635,0.30355201437386614,-0.35019116161026864,0.5225522552255225,1.9918496292987307,39,10,7.683337179674449,2.083206310972718,2.701523413424622,2.4159119111681315,583
"market,interaction",173,415,0.10814795385142693,20,0.05613300324266433,0.09806091140078928,0.17355409610309513,0.0019921866387026246,incomplete_market_data,909,backtest#qlib_factor_backtest#2026100913oP0M,a8823571a49e4148a4356e118a4ee6f4,0.07572666074354473,0.02044277355698676,0.28650731430127924,-0.4209552187829352,0.517051705170517,1.9917422575751602,68,20,5.5607434444834585,1.9187774739794092,2.577857734556665,2.221942672443588,583
"market,interaction",173,415,0.10814795385142693,30,0.05613300324266433,0.09806091140078928,0.08566163275674626,0.0019492441536342873,incomplete_market_data,909,backtest#qlib_factor_backtest#2026100913oP0M,a8823571a49e4148a4356e118a4ee6f4,-0.011394226021744336,-0.0031718881262959853,0.277799435462587,-0.45006072638356276,0.5126512651265126,1.948803865569867,96,30,4.800477715632274,1.847364951924121,2.497544069262398,2.127074659230833,583
"market,liquidity",175,338,0.11145311648413678,5,0.056057069219432314,0.09851257768971246,0.5625883084613743,0.0019892501047951592,incomplete_market_data,909,backtest#qlib_factor_backtest#20261009138CEa,b7663fafd1fd437692b070483722452b,0.6625168762272435,0.15133702960259154,0.32254617965313004,-0.3839119943867172,0.5357535753575358,1.9888104953168118,22,5,9.09984301460649,2.108138344527192,2.4055360429026975,2.219061511579162,1162
"market,liquidity",175,338,0.11145311648413678,10,0.056057069219432314,0.09851257768971246,0.5002991374887933,0.0019917111128275153,incomplete_market_data,909,backtest#qlib_factor_backtest#20261009138CEa,b7663fafd1fd437692b070483722452b,0.5288957396963772,0.1249019177371582,0.30580339773243165,-0.34794923917231746,0.5291529152915292,1.9912684308437363,41,10,8.312477724560644,2.133479090408724,2.759523326608344,2.3677206957917485,1162
"market,liquidity",175,338,0.11145311648413678,20,0.056057069219432314,0.09851257768971246,0.21393376505635753,0.0019277864107863257,incomplete_market_data,909,backtest#qlib_factor_backtest#20261009138CEa,b7663fafd1fd437692b070483722452b,0.12317233818583961,0.0327260697184375,0.27960800469818,-0.3708765911927221,0.528052805280528,1.9273492300086819,67,20,5.460822357363627,1.9440518644366436,2.6524518629911333,2.163450225723618,1162
"market,liquidity",175,338,0.11145311648413678,30,0.056057069219432314,0.09851257768971246,0.1205941576524566,0.001950023529899503,incomplete_market_data,909,backtest#qlib_factor_backtest#20261009138CEa,b7663fafd1fd437692b070483722452b,0.023737324448015018,0.006524950680961483,0.27720181424794604,-0.3854617411543768,0.5291529152915292,1.9495839682380638,99,30,5.010154076255226,1.886354373809073,2.681534722143273,2.1083514064944873,1162
"market,liquidity,interaction",179,319,0.10981736691807306,5,0.05666832219358978,0.09965883107842756,0.88169908351905,0.0019929242731352276,incomplete_market_data,909,backtest#qlib_factor_backtest#20261009145Mhv,b5da5e08e9914f8082017740af17b025,1.389602688337714,0.27315820068771957,0.3182655349991346,-0.34594530188285466,0.5379537953795379,1.9924806792031775,18,5,13.557873898770291,2.4507061396250887,3.091318603382208,2.7093243972923844,14
"market,liquidity,interaction",179,319,0.10981736691807306,10,0.05666832219358978,0.09965883107842756,0.7268927380580908,0.001994058925948286,incomplete_market_data,909,backtest#qlib_factor_backtest#20261009145Mhv,b5da5e08e9914f8082017740af17b025,0.9562106301304516,0.20444919916953497,0.3030158929262653,-0.3385146072360623,0.5335533553355336,1.993614239740239,31,10,10.936683037506313,2.377058802230164,3.2310947274846917,2.6710078180764394,14
"market,liquidity,interaction",179,319,0.10981736691807306,20,0.05666832219358978,0.09965883107842756,0.5009599969704622,0.0019941766654653203,incomplete_market_data,909,backtest#qlib_factor_backtest#20261009145Mhv,b5da5e08e9914f8082017740af17b025,0.514348632003977,0.12192443640740258,0.29092174702695395,-0.3229236483028117,0.5313531353135313,1.9937309459296266,64,20,8.246016805352358,2.220202868737059,3.338913938317379,2.5389541832170033,14
"market,liquidity,interaction",179,319,0.10981736691807306,30,0.05666832219358978,0.09965883107842756,0.33826054119056553,0.0019939725117653602,incomplete_market_data,909,backtest#qlib_factor_backtest#20261009145Mhv,b5da5e08e9914f8082017740af17b025,0.2758010524003851,0.06985757998129172,0.2881970104511572,-0.354367421692778,0.5357535753575358,1.9935265064675067,93,30,6.791255669486444,2.0745185939534054,3.229163062401332,2.375947659696624,14
"market,liquidity,relative",180,322,0.1107122452243869,5,0.05514872667046786,0.0983578229256494,0.36279234974324537,0.001992463589812599,incomplete_market_data,909,backtest#qlib_factor_backtest#2026100914po9d,06cf2515de634f11afe8bfbf86c6bf9f,0.3190766919181116,0.07979718535924807,0.3203459773047158,-0.3930439908707597,0.528052805280528,1.9920200813670672,19,5,7.042344346315206,1.9232943843507708,2.3254411505239028,2.0881058895530504,62
"market,liquidity,relative",180,322,0.1107122452243869,10,0.05514872667046786,0.0983578229256494,0.34252349224037576,0.0019906172528103626,incomplete_market_data,909,backtest#qlib_factor_backtest#2026100914po9d,06cf2515de634f11afe8bfbf86c6bf9f,0.28493248028883533,0.07197495689647937,0.3011745040211117,-0.3567021880041914,0.5104510451045104,1.9901746777464484,42,10,6.821828320786399,2.0006022763433915,2.662907481057731,2.219246981422337,62
"market,liquidity,relative",180,322,0.1107122452243869,20,0.05514872667046786,0.0983578229256494,0.32269844130566566,0.001991482637112242,incomplete_market_data,909,backtest#qlib_factor_backtest#2026100914po9d,06cf2515de634f11afe8bfbf86c6bf9f,0.25569565436639063,0.0651566782176356,0.2904268594457946,-0.36447887667536283,0.5269526952695269,1.9910385905459433,74,20,6.65083782781663,2.0431451297861196,2.9987248975131697,2.2992661015501468,62
"market,liquidity,relative",180,322,0.1107122452243869,30,0.05514872667046786,0.0983578229256494,0.2485033853620113,0.001990630348518184,incomplete_market_data,909,backtest#qlib_factor_backtest#2026100914po9d,06cf2515de634f11afe8bfbf86c6bf9f,0.16254931581329157,0.04263872046156614,0.28525318353214824,-0.3641287559469153,0.5181518151815182,1.9901866889391817,104,30,6.079282066033057,1.9998245787511228,3.0732330854936243,2.2618605630247024,62
"market,liquidity,relative,interaction",184,415,0.11119141895604528,5,0.055358018394344295,0.09802830046317355,0.5272789263165786,0.0019912600278269056,incomplete_market_data,909,backtest#qlib_factor_backtest#2026100914uf3U,04fc5bf3a08648afb2fedb67e1432f39,0.6078619367126321,0.1407168912566965,0.3320702501772897,-0.3221221932044882,0.5313531353135313,1.9908184110135831,23,5,8.787397622814035,2.030948378782026,2.4976598469753615,2.209621474663469,38
"market,liquidity,relative,interaction",184,415,0.11119141895604528,10,0.055358018394344295,0.09802830046317355,0.5313147889033427,0.0019936156997689487,incomplete_market_data,909,backtest#qlib_factor_backtest#2026100914uf3U,04fc5bf3a08648afb2fedb67e1432f39,0.5852371288981302,0.13624417366561548,0.3075717286999684,-0.31630263057247454,0.5401540154015402,1.99317088045914,37,10,8.67284805231099,2.15728083687119,2.989310991457732,2.4032242801252997,38
"market,liquidity,relative,interaction",184,415,0.11119141895604528,20,0.055358018394344295,0.09802830046317355,0.34410699451190907,0.0019918192196199625,incomplete_market_data,909,backtest#qlib_factor_backtest#2026100914uf3U,04fc5bf3a08648afb2fedb67e1432f39,0.2854041787894206,0.07208403758696824,0.2947180934150187,-0.32839996555598416,0.5434543454345434,1.9913744912827245,71,20,6.833882348851647,2.03983193873254,3.0480346288698383,2.2851788266865003,38
"market,liquidity,relative,interaction",184,415,0.11119141895604528,30,0.055358018394344295,0.09802830046317355,0.25149689668501235,0.001993069716729572,incomplete_market_data,909,backtest#qlib_factor_backtest#2026100914uf3U,04fc5bf3a08648afb2fedb67e1432f39,0.16491036818953386,0.04322532611994934,0.2928641978702236,-0.3602283390916189,0.5346534653465347,1.99262322199652,99,30,6.109170701393311,1.9594805466269114,3.028550043416785,2.214701862420211,38
"market,relative",174,285,0.10881200124894479,5,0.05368532174280239,0.09550853606116824,0.4679323621809399,0.0019892943352280514,incomplete_market_data,909,backtest#qlib_factor_backtest#2026100913Zksr,fc23a24e70b543a79b7ec09bd0b063ca,0.48703180847977423,0.11627693906365955,0.3192743843966352,-0.417771654880299,0.528052805280528,1.9888539985222695,22,5,8.037307768819442,2.030271180584538,2.277180380690701,2.1918937137216794,40
"market,relative",174,285,0.10881200124894479,10,0.05368532174280239,0.09550853606116824,0.1258732382139821,0.001991697992301344,incomplete_market_data,909,backtest#qlib_factor_backtest#2026100913Zksr,fc23a24e70b543a79b7ec09bd0b063ca,0.020467795764680607,0.005632755864397598,0.29264544376618024,-0.4373834042735084,0.5016501650165016,1.991254249834195,37,10,5.221735889796589,1.834498887212211,2.207719485542889,2.0348911040526625,40
"market,relative",174,285,0.10881200124894479,20,0.05368532174280239,0.09550853606116824,0.037397043483733926,0.001990970546234262,incomplete_market_data,909,backtest#qlib_factor_backtest#2026100913Zksr,fc23a24e70b543a79b7ec09bd0b063ca,-0.06008309053428784,-0.017031381612137464,0.2801228579204975,-0.4396263281357635,0.517051705170517,1.9905265153981715,70,20,4.727797068649271,1.8217316527583967,2.3703188567799804,2.048386636344869,40
"market,relative",174,285,0.10881200124894479,30,0.05368532174280239,0.09550853606116824,-0.06765428053074699,0.0019914564296314497,incomplete_market_data,909,backtest#qlib_factor_backtest#2026100913Zksr,fc23a24e70b543a79b7ec09bd0b063ca,-0.1511954534445199,-0.044427770376121,0.2766419723238952,-0.42893335199037597,0.5181518151815182,1.9910123961121762,98,30,4.175920149878056,1.739881335639168,2.3675915881578273,1.9764869935819154,40
"market,relative,interaction",178,419,0.10887714043291234,5,0.05489694124214997,0.09701953305544822,0.37843764399938384,0.0019893754729588303,incomplete_market_data,909,backtest#qlib_factor_backtest#2026100914Avoy,1a47840e1c644476a50961792d47b69d,0.3433950206261085,0.08527957410352904,0.32155719836587615,-0.40171089732362697,0.5181518151815182,1.9889383168616033,22,5,7.167856999007759,1.9308108896857605,2.2191444244456227,2.126966651753613,20
"market,relative,interaction",178,419,0.10887714043291234,10,0.05489694124214997,0.09701953305544822,0.2758145527371536,0.0019901756864217283,incomplete_market_data,909,backtest#qlib_factor_backtest#2026100914Avoy,1a47840e1c644476a50961792d47b69d,0.1953168765951241,0.05070415547579521,0.30098445587183104,-0.39348890159737615,0.5214521452145214,1.9897343367353373,42,10,6.2749847514199235,1.935185766170707,2.4599575690251325,2.19556114290855,20
"market,relative,interaction",178,419,0.10887714043291234,20,0.05489694124214997,0.09701953305544822,0.14752532621141978,0.0019915675767343387,incomplete_market_data,909,backtest#qlib_factor_backtest#2026100914Avoy,1a47840e1c644476a50961792d47b69d,0.045984060572458185,0.012541634034489935,0.28833575875359146,-0.3821343438049388,0.5192519251925193,1.9911244925655376,77,20,5.375734049867028,1.880957551198258,2.5751172984981148,2.1652955388091537,20
"market,relative,interaction",178,419,0.10887714043291234,30,0.05489694124214997,0.09701953305544822,0.053107139514708065,0.0019910095255680693,incomplete_market_data,909,backtest#qlib_factor_backtest#2026100914Avoy,1a47840e1c644476a50961792d47b69d,-0.05029733900782374,-0.014204851244805416,0.2865600707964571,-0.4236670550115045,0.5071507150715071,1.99056627336908,113,30,4.787134310181765,1.7971849975987373,2.596369003702392,2.066880393445463,20
none,158,422,0.10788747370119857,5,0.053009396872801,0.09226729196830394,0.7589775629524886,0.0019911797368659975,incomplete_market_data,909,backtest#qlib_factor_backtest#2026100913F5ew,d02d71d35d564a3faddf0e6591b8ecb6,1.136435512922414,0.23423867019752365,0.3368272978472029,-0.40214003842294965,0.5214521452145214,1.990736841538373,21,5,11.997476555678674,2.24103980765081,2.5727329451103946,2.504808195310223,95
none,158,422,0.10788747370119857,10,0.053009396872801,0.09226729196830394,0.5502147541036985,0.0019931246580395254,incomplete_market_data,909,backtest#qlib_factor_backtest#2026100913F5ew,d02d71d35d564a3faddf0e6591b8ecb6,0.6042869061961549,0.14001317950464065,0.29769936043182704,-0.3818931468136534,0.528052805280528,1.9926801581116889,38,10,8.784619636665749,2.2294724221509505,2.8515501679132704,2.6197569202007873,95
none,158,422,0.10788747370119857,20,0.053009396872801,0.09226729196830394,0.36187024500634696,0.001988741075708213,incomplete_market_data,909,backtest#qlib_factor_backtest#2026100913F5ew,d02d71d35d564a3faddf0e6591b8ecb6,0.30562380757635155,0.07673288493582064,0.2820085889515499,-0.38653627382928457,0.5346534653465347,1.9882984348202886,84,20,6.934950420754372,2.131014659749006,2.9750001883752835,2.5815320260239236,95
none,158,422,0.10788747370119857,30,0.053009396872801,0.09226729196830394,0.13077674737176226,0.0019906677103189965,incomplete_market_data,909,backtest#qlib_factor_backtest#2026100913F5ew,d02d71d35d564a3faddf0e6591b8ecb6,0.03534262833330737,0.009675293909399585,0.27579561405463215,-0.40596595089374643,0.5247524752475248,1.9902238995098325,110,30,5.306739377186159,1.9427080610238263,2.7612956878233224,2.3564526326110986,95
relative,163,375,0.10998820547485441,5,0.053168254078750685,0.0961330088996808,0.6659978715497167,0.0019909735581025625,incomplete_market_data,909,backtest#qlib_factor_backtest#2026100913DxB0,511e684c385b48ddba3dde5e1a241e13,0.8955547915010222,0.19397769503759243,0.3306401601112125,-0.3885898960668416,0.5269526952695269,1.990530238059926,18,5,10.534128403330314,2.1763899445409223,2.698744590659732,2.423010615432875,97
relative,163,375,0.10998820547485441,10,0.053168254078750685,0.0961330088996808,0.3459494516400595,0.00199208103226691,incomplete_market_data,909,backtest#qlib_factor_backtest#2026100913DxB0,511e684c385b48ddba3dde5e1a241e13,0.28960901284628204,0.073055132971511,0.30165038907455777,-0.43380021447640826,0.5181518151815182,1.9916366686996083,29,10,6.861963859285638,2.0035561855995874,2.6322628403147506,2.295140400895645,97
relative,163,375,0.10998820547485441,20,0.053168254078750685,0.0961330088996808,0.11959668248760848,0.0019910564689841342,incomplete_market_data,909,backtest#qlib_factor_backtest#2026100913DxB0,511e684c385b48ddba3dde5e1a241e13,0.011593481181041643,0.003200657421564168,0.29598115874455655,-0.4459225425744876,0.5115511551155115,1.9906125028567472,63,20,5.164443115130131,1.808799696458463,2.5809626311946525,2.0967266980342782,97
relative,163,375,0.10998820547485441,30,0.053168254078750685,0.0961330088996808,-0.015854762490912413,0.0019923407878040603,incomplete_market_data,909,backtest#qlib_factor_backtest#2026100913DxB0,511e684c385b48ddba3dde5e1a241e13,-0.1183581864924057,-0.0343194696512682,0.28948394868753863,-0.46301073270956583,0.5104510451045104,1.9918950948520509,91,30,4.380392906326809,1.7127752348117897,2.553391817631944,2.0041205666883797,97
"relative,interaction",167,370,0.10943709592704985,5,0.054636224616845794,0.09704231288383335,0.64286846873101,0.0019961218347766463,incomplete_market_data,909,backtest#qlib_factor_backtest#2026100914IT9E,a67c2be84b324b26a65c800581a56e09,0.8368587339241667,0.1836113495358327,0.3273975322488332,-0.4085658334815482,0.5269526952695269,1.995675910056713,14,5,10.23045840719066,2.172406158901551,2.7053202830146135,2.4920201679897787,68
"relative,interaction",167,370,0.10943709592704985,10,0.054636224616845794,0.09704231288383335,0.6475596538249103,0.001995447138244472,incomplete_market_data,909,backtest#qlib_factor_backtest#2026100914IT9E,a67c2be84b324b26a65c800581a56e09,0.7958927609771893,0.17623358647978726,0.30420292034251234,-0.36555330641059625,0.5291529152915292,1.9950008951683669,24,10,9.97595487231732,2.2938137815224624,3.341092962972525,2.74746639919796,68
"relative,interaction",167,370,0.10943709592704985,20,0.054636224616845794,0.09704231288383335,0.342330531898583,0.001993727064975633,incomplete_market_data,909,backtest#qlib_factor_backtest#2026100914IT9E,a67c2be84b324b26a65c800581a56e09,0.28027858437773245,0.07089718484492513,0.28389332661577477,-0.40563168690814944,0.517051705170517,1.9932811200011888,56,20,6.81749160022424,2.105114205722535,3.2695184618760766,2.5241154140358564,68
"relative,interaction",167,370,0.10943709592704985,30,0.054636224616845794,0.09704231288383335,0.16261788092559173,0.0019936580575869466,incomplete_market_data,909,backtest#qlib_factor_backtest#2026100914IT9E,a67c2be84b324b26a65c800581a56e09,0.06536283243208829,0.01770774772491679,0.28309256861783133,-0.4386021130344929,0.5071507150715071,1.9932121313929674,78,30,5.507164773865317,1.9309013650539042,3.0833565777382956,2.307726946011274,68
