feature,importance_gain,importance_split
f_alpha158_LOW0,22223.925431728363,113
f_context_low_amount_return,14374.954404830933,731
f_alpha158_VWAP0,13759.243178844452,390
f_context_high_amount_return,12749.194696426392,716
f_context_amount_rank20,8836.702767848969,264
f_context_amount_spread,7173.578124046326,580
f_context_amount_spread5,6986.982239723206,554
f_alpha158_VMA30,5884.786612033844,67
f_alpha158_ROC5,4869.612586021423,103
f_alpha158_VMA10,4515.368164539337,139
f_alpha158_CORD5,4398.559930324554,99
f_alpha158_VMA60,3264.1821999549866,69
f_alpha158_MA20,3101.9824261665344,165
f_alpha158_RESI5,3061.7878999710083,186
f_alpha158_KLOW,2857.657980442047,91
f_alpha158_VMA20,2852.905749320984,53
f_alpha158_QTLD5,2542.909429550171,174
f_alpha158_MA60,2512.8611760139465,151
f_alpha158_CORR30,2224.867006778717,79
f_alpha158_RANK60,2073.2022666931152,76
f_alpha158_CORD30,2037.3843393325806,62
f_alpha158_VMA5,1758.8369216918945,84
f_alpha158_VSTD5,1713.7627234458923,91
f_context_stock_amount_ratio,1697.191873550415,42
f_alpha158_MAX20,1674.485788345337,57
f_alpha158_RESI10,1586.2955775260925,123
f_alpha158_HIGH0,1569.28852891922,118
f_alpha158_CORR20,1556.1472182273865,47
f_alpha158_CORR10,1542.2127966880798,32
f_alpha158_MIN60,1541.2521691322327,91
f_alpha158_IMIN5,1365.5958061218262,60
f_alpha158_MAX10,1362.2748947143555,59
f_alpha158_MAX60,1291.0410871505737,66
f_alpha158_QTLU5,1287.6626954078674,92
f_alpha158_STD60,1278.275221824646,84
f_alpha158_CORD20,1247.5275039672852,53
f_alpha158_STD10,1227.9283185005188,91
f_alpha158_CORR60,1163.9724535942078,67
f_alpha158_IMIN60,1107.5753073692322,80
f_alpha158_STD5,1065.906569480896,79
f_alpha158_MA30,1056.549587726593,50
f_alpha158_KUP,1046.6577124595642,62
f_alpha158_VSTD10,1036.447850227356,66
f_alpha158_QTLU60,1011.185037612915,66
f_alpha158_KMID,990.0395345687866,47
f_alpha158_MA5,892.9958024024963,54
f_alpha158_RSQR5,890.5677719116211,58
f_alpha158_STD20,854.5911507606506,64
f_alpha158_KUP2,827.5769062042236,44
f_alpha158_MIN5,810.9545803070068,17
f_alpha158_MA10,797.1158142089844,58
f_alpha158_KLEN,795.8909239768982,46
f_alpha158_RSQR10,771.7277455329895,55
f_alpha158_RSV60,756.6490473747253,43
f_alpha158_BETA60,728.9936809539795,41
f_alpha158_KSFT2,691.4447298049927,46
f_alpha158_OPEN0,684.2324299812317,42
f_alpha158_RSV5,657.8865075111389,48
f_alpha158_KMID2,647.8491368293762,39
f_alpha158_KSFT,645.875560760498,46
f_alpha158_STD30,632.4597597122192,43
f_alpha158_QTLD10,609.0032033920288,18
f_alpha158_BETA5,567.391900062561,40
f_alpha158_RSQR20,510.5533585548401,40
f_alpha158_MAX5,508.7496294975281,36
f_alpha158_KLOW2,499.7576904296875,38
f_alpha158_RANK30,493.5199456214905,33
f_alpha158_BETA20,478.3497896194458,28
f_alpha158_ROC60,466.9982419013977,40
f_alpha158_RANK5,431.1089029312134,30
f_alpha158_CORD60,404.39451265335083,28
f_alpha158_MIN10,397.3590669631958,31
f_alpha158_BETA10,392.4586591720581,30
f_alpha158_ROC10,386.30512857437134,28
f_alpha158_QTLU20,384.84636211395264,23
f_alpha158_SUMN60,372.7105131149292,30
f_alpha158_IMAX5,369.3677978515625,25
f_alpha158_RESI60,366.64280700683594,29
f_alpha158_IMXD5,353.51340198516846,17
f_alpha158_MAX30,347.69065141677856,25
f_alpha158_QTLU30,342.8678979873657,22
f_alpha158_QTLU10,340.790048122406,22
f_alpha158_CORD10,320.9839458465576,21
f_alpha158_ROC30,312.15116024017334,24
f_alpha158_SUMD60,307.8203821182251,22
f_alpha158_SUMP60,306.4708113670349,23
f_alpha158_RANK20,296.3419494628906,24
f_alpha158_RESI20,292.4427614212036,23
f_alpha158_IMIN10,291.01873111724854,25
f_alpha158_VSTD60,249.467200756073,22
f_alpha158_RSV20,243.10105991363525,13
f_alpha158_MIN20,235.12765979766846,20
f_alpha158_QTLD30,231.65697717666626,15
f_alpha158_VSTD20,223.63388013839722,19
f_alpha158_QTLD20,218.9756088256836,16
f_alpha158_BETA30,217.7356882095337,16
f_alpha158_WVMA60,217.53790092468262,21
f_alpha158_VSTD30,207.22432041168213,17
f_alpha158_IMIN30,187.53597021102905,16
f_alpha158_SUMN5,178.95232009887695,14
f_alpha158_SUMP5,175.0219202041626,14
f_alpha158_SUMN10,171.0625410079956,15
f_alpha158_SUMD5,164.09202098846436,16
f_alpha158_VSUMP60,163.97972059249878,13
f_alpha158_VSUMD60,162.3146800994873,16
f_alpha158_RSQR30,141.92227029800415,14
f_alpha158_MIN30,137.71645975112915,12
f_alpha158_CNTD20,132.4014401435852,12
f_alpha158_SUMP10,132.0069990158081,11
f_alpha158_RSV30,131.23808097839355,9
f_alpha158_SUMD20,130.97786951065063,11
f_alpha158_RESI30,125.99154138565063,13
f_alpha158_VSUMN60,123.80953979492188,13
f_alpha158_IMAX60,121.61615943908691,14
f_alpha158_QTLD60,120.78355979919434,11
f_alpha158_CNTN5,112.61057996749878,9
f_alpha158_RSV10,104.54695796966553,7
f_alpha158_IMAX10,103.04048013687134,11
f_alpha158_WVMA30,84.96667957305908,8
f_alpha158_CNTD5,84.76055908203125,6
f_alpha158_SUMN30,80.18467998504639,8
f_alpha158_SUMD30,78.0160698890686,7
f_alpha158_IMXD60,77.34308004379272,8
f_alpha158_RSQR60,72.42854118347168,9
f_alpha158_IMIN20,70.33010959625244,5
f_alpha158_RANK10,68.53729915618896,5
f_alpha158_ROC20,65.95936012268066,7
f_alpha158_IMAX20,65.18025875091553,6
f_alpha158_CORR5,65.06350898742676,6
f_alpha158_SUMN20,64.88595962524414,5
f_alpha158_CNTP5,59.4102897644043,6
f_alpha158_WVMA5,49.45002031326294,6
f_alpha158_SUMD10,46.59841966629028,5
f_alpha158_IMXD10,46.507949352264404,4
f_alpha158_IMXD20,46.19794940948486,4
f_alpha158_SUMP30,45.81937026977539,4
f_alpha158_VSUMP5,41.547200202941895,2
f_alpha158_SUMP20,39.23344039916992,4
f_alpha158_VSUMN10,38.97256088256836,4
f_alpha158_VSUMD10,27.826249599456787,3
f_alpha158_VSUMD20,25.629799842834473,2
f_alpha158_VSUMN5,21.87913990020752,2
f_alpha158_CNTD60,18.652519702911377,2
f_alpha158_IMAX30,18.456499099731445,1
f_alpha158_CNTP60,18.202900409698486,2
f_alpha158_VSUMD30,16.046109676361084,2
f_alpha158_VSUMD5,14.976799964904785,1
f_alpha158_WVMA20,14.312900066375732,2
f_alpha158_CNTN20,14.104999542236328,1
f_alpha158_CNTP20,12.43280029296875,1
f_alpha158_VSUMP20,10.595000267028809,1
f_alpha158_VSUMN30,8.979410171508789,1
f_alpha158_VSUMP30,7.95196008682251,1
f_alpha158_WVMA10,7.395440101623535,1
f_alpha158_IMXD30,0.0,0
f_alpha158_CNTP10,0.0,0
f_alpha158_CNTP30,0.0,0
f_alpha158_CNTN10,0.0,0
f_alpha158_CNTN30,0.0,0
f_alpha158_CNTN60,0.0,0
f_alpha158_CNTD10,0.0,0
f_alpha158_CNTD30,0.0,0
f_alpha158_VSUMP10,0.0,0
f_alpha158_VSUMN20,0.0,0
