context_groups,feature_count,best_iteration,validation_rank_ic,year,top_n,rank_ic_mean,net_cumulative_return,net_annualized_return,net_annualized_volatility,net_max_drawdown,net_win_rate,average_turnover,delayed_exits,unsettled_positions,gross_cumulative_return,gross_sharpe,information_ratio_universe,information_ratio_hs300
interaction,162,393,0.10786630713062176,2023,5,0.10074804633717659,0.10766144049885318,0.1123514852332117,0.1890188467587751,-0.17641939531706463,0.5041322314049587,1.9988513307506157,0,5,0.7949768753174802,3.250697341363989,3.8473151814415907,4.0746664261928185
interaction,162,393,0.10786630713062176,2023,10,0.10074804633717659,0.05883267216915167,0.06133688249291347,0.16466123638274574,-0.20847915759302738,0.5041322314049587,1.998444658029967,0,10,0.7158493488030815,3.4206619851275577,4.243997037817682,4.295081076096373
interaction,162,393,0.10786630713062176,2023,20,0.10074804633717659,0.002819455335737242,0.0029361326298822377,0.1509954218666969,-0.20095915273613296,0.5165289256198347,1.9905772533546144,2,20,0.6221829514295887,3.3295807142996203,4.405607679512508,4.382311588644855
interaction,162,393,0.10786630713062176,2023,30,0.10074804633717659,-0.027052133528370215,-0.02815410733454693,0.14602118027632438,-0.21469748191456062,0.5371900826446281,1.9925356887927703,3,30,0.5747018603597864,3.2259881444655245,4.411358786087193,4.354826681727017
interaction,162,393,0.10786630713062176,2024,5,0.09316806762652222,-0.11906902633502736,-0.12367187304925109,0.3973254845434007,-0.3657810322893027,0.45454545454545453,1.9810406481855476,6,5,0.42227167980704783,1.0918452358645048,1.3801884980904502,0.7592712012238645
interaction,162,393,0.10786630713062176,2024,10,0.09316806762652222,-0.07228537096276277,-0.07515725765407755,0.37980352179323984,-0.3194685151701976,0.4669421487603306,1.9833283572516387,17,10,0.4984160924265857,1.2652378937552882,1.8428616927419723,0.9835805823796939
interaction,162,393,0.10786630713062176,2024,20,0.09316806762652222,-0.06225310275080842,-0.06474045379689641,0.36860099451049916,-0.3034943432895161,0.45041322314049587,1.9846190849667018,37,20,0.5150854854682347,1.3231241159476541,2.1948532736530497,1.0722224215626195
interaction,162,393,0.10786630713062176,2024,30,0.09316806762652222,-0.05330912136184207,-0.055449765496952796,0.36539784367061545,-0.29887758698677513,0.4628099173553719,1.9851898325821111,57,30,0.5296919366735575,1.3584225569704929,2.327354026270448,1.1200495956064576
interaction,162,393,0.10786630713062176,2025,5,0.10986689060863417,0.22036430061936207,0.22939886924198194,0.2661721798108101,-0.17389723499967602,0.5267489711934157,1.9913403234265115,6,5,0.9781164359849952,2.7405212454633685,2.335120113094447,2.5816303394034827
interaction,162,393,0.10786630713062176,2025,10,0.10986689060863417,0.2813211410189085,0.29313934230736494,0.23767764479012476,-0.14772024315598065,0.551440329218107,1.994113023222012,10,10,1.0782342782562293,3.252952710527814,3.505397031443448,3.336279725266461
interaction,162,393,0.10786630713062176,2025,20,0.10986689060863417,0.31162783176705133,0.32487217744463925,0.2191455701430245,-0.13586766923686788,0.5761316872427984,1.9963030926322938,17,20,1.1284847591201173,3.6210526061977775,4.221688376530595,3.8895109158285903
interaction,162,393,0.10786630713062176,2025,30,0.10986689060863417,0.28729707466307075,0.2993943063625031,0.22412962292743585,-0.1527274947947883,0.5720164609053497,1.9970087161930752,25,30,1.0893569399486407,3.4593549530470407,4.430358874507923,3.6576373878665835
interaction,162,393,0.10786630713062176,2026,5,0.0810873162092057,0.22019014045768204,0.31725198585166203,0.37511067260171677,-0.2611398526255174,0.5769230769230769,2.0004974102671507,2,5,0.7548632850071564,2.2305558807833155,3.1172037589267325,3.1551792396051677
interaction,162,393,0.10786630713062176,2026,10,0.0810873162092057,0.17893972630681598,0.2559963354627688,0.3491072804735928,-0.26885123154081847,0.5714285714285714,2.0000752400853394,4,10,0.6955408779319039,2.2330984312783086,3.293649015624672,3.292535347594931
interaction,162,393,0.10786630713062176,2026,20,0.0810873162092057,0.05842561704285676,0.0817952984690904,0.3325648446928035,-0.2637318117955968,0.554945054945055,1.9988321114763923,7,20,0.5222230710938096,1.8772575984356359,2.9024369724225503,2.991945046817605
interaction,162,393,0.10786630713062176,2026,30,0.0810873162092057,0.07123052507373528,0.09995869687599734,0.32005738440591486,-0.23372160556531452,0.5494505494505495,1.9986249230993047,11,30,0.5405390782615604,1.9891161887302855,3.146153672184778,3.1517587731021037
liquidity,164,288,0.11317249922863842,2023,5,0.10357966056148064,0.06820543973919091,0.07112182195640293,0.1837428430587413,-0.21146656149186915,0.5371900826446281,1.9985441622949431,0,5,0.7310380160535843,3.1336352629878492,3.467100048249773,3.9132868917534096
liquidity,164,288,0.11317249922863842,2023,10,0.10357966056148064,0.043822738677741,0.04567434709358298,0.161631815950364,-0.22725136577782612,0.49173553719008267,1.9983225849824642,0,10,0.6915255955947015,3.389717188233289,4.2384313775891105,4.2799596723944555
liquidity,164,288,0.11317249922863842,2023,20,0.10357966056148064,0.08029896100554446,0.08375240035573572,0.15809367225867885,-0.19537873953181473,0.5247933884297521,1.9977807503262357,2,20,0.7502894417394927,3.687137082663757,5.315244119633705,4.841464440291749
liquidity,164,288,0.11317249922863842,2023,30,0.10357966056148064,0.047761072749750166,0.04978301690561904,0.14961745807519386,-0.18747955436425912,0.5289256198347108,1.997524346090417,3,30,0.6975733858559034,3.674397205679111,5.547948710948709,4.853117193540645
liquidity,164,288,0.11317249922863842,2024,5,0.09666999299179,0.06020650247193848,0.06277090453422773,0.3876158889993297,-0.37241912909521624,0.4793388429752066,1.9852899811848281,4,5,0.7131042432145642,1.6072868620363334,2.3842474369512265,1.3412090663936782
liquidity,164,288,0.11317249922863842,2024,10,0.09666999299179,-0.07359347105840419,-0.07651515513282592,0.3794771788574173,-0.39150155215295546,0.47520661157024796,1.9884523753958439,10,10,0.4983869248375383,1.2660642977691507,1.95806085906309,0.9372848306858611
liquidity,164,288,0.11317249922863842,2024,20,0.09666999299179,-0.05920014391745898,-0.06156955910878015,0.3798995244406892,-0.3174467828940871,0.49173553719008267,1.9907322510683438,22,20,0.5224395947404485,1.3090810984521728,2.3246333403648745,1.0091041680064863
liquidity,164,288,0.11317249922863842,2024,30,0.09666999299179,-0.037736168733756625,-0.03926450046024921,0.3744589049357126,-0.2987687562524294,0.49586776859504134,1.9883586752636073,38,30,0.5561715466033244,1.3829820350974775,2.739718138067128,1.1045145458119847
liquidity,164,288,0.11317249922863842,2025,5,0.10705739637751782,0.09993359064673779,0.10382075649852207,0.2735441615759721,-0.20501381623619452,0.5308641975308642,1.9895801227747727,7,5,0.7822696874272435,2.277447116498868,1.520001942311774,1.843731749426033
liquidity,164,288,0.11317249922863842,2025,10,0.10705739637751782,0.06922200562044267,0.07187582708324936,0.25818920706626697,-0.2115502258070988,0.5761316872427984,1.9901268958709613,13,10,0.7328552697357806,2.284398402144251,1.6037775934864056,1.861201359429755
liquidity,164,288,0.11317249922863842,2025,20,0.10705739637751782,0.04478710060120106,0.04648386195471055,0.23536208421045948,-0.2016256016508735,0.5596707818930041,1.9862863606191945,24,20,0.6919055667824523,2.377818927962004,1.8306898105247695,1.991901577594681
liquidity,164,288,0.11317249922863842,2025,30,0.10705739637751782,0.07026816383187784,0.07296344434154056,0.23052765310117515,-0.18338011674558186,0.551440329218107,1.9879587551950562,30,30,0.733885333212041,2.5339771547935355,2.2608858512730667,2.2042433909348738
liquidity,164,288,0.11317249922863842,2026,5,0.07818012049614179,0.09050115251527391,0.12745110592697428,0.3522917719957671,-0.2961516100347622,0.5494505494505495,1.9905996445712555,4,5,0.5658406632655393,1.902758498157437,2.781904971963843,2.636178019145474
liquidity,164,288,0.11317249922863842,2026,10,0.07818012049614179,-0.20625458641414396,-0.27373170410850933,0.33535826972294713,-0.3900077902764043,0.521978021978022,1.9934986302573006,4,10,0.14110143194375846,0.6772727366941699,1.0543800988989074,1.2382373616866662
liquidity,164,288,0.11317249922863842,2026,20,0.07818012049614179,-0.11906693677034863,-0.1609900591594916,0.32501006646940317,-0.3535137819284857,0.5439560439560439,1.9936686686580904,11,20,0.26619646735872937,1.13009408719607,1.7801440133257356,1.8078978121345841
liquidity,164,288,0.11317249922863842,2026,30,0.07818012049614179,-0.124852871641151,-0.16861045018598897,0.3177741267165401,-0.3433839061900409,0.5384615384615384,1.9939821651729133,16,30,0.25796791384849804,1.1199340913286662,1.82311267072082,1.8234523191762757
"liquidity,interaction",168,273,0.11100259998251581,2023,5,0.10578585222267659,0.09109018112298206,0.09502778013217572,0.18857102708518875,-0.19155260404406727,0.5041322314049587,1.9987263254129741,0,5,0.7681229772877833,3.174988168366044,4.200344119100039,4.279231466440145
"liquidity,interaction",168,273,0.11100259998251581,2023,10,0.10578585222267659,0.1545035864949995,0.16137802431757153,0.1702767441960821,-0.2239930162153162,0.5247933884297521,1.9991681840495825,0,10,0.8708850596950635,3.842605764054508,5.617562745704608,5.09066338054025
"liquidity,interaction",168,273,0.11100259998251581,2023,20,0.10578585222267659,0.1090552088622716,0.11380903054485225,0.15993924020780273,-0.1738116908816354,0.5413223140495868,1.9938806676515042,3,20,0.7950984727237349,3.811528566018179,5.9266020307167135,5.075938289825199
"liquidity,interaction",168,273,0.11100259998251581,2023,30,0.10578585222267659,0.10519138839002995,0.10976859311289422,0.14999212146527544,-0.16162563949983433,0.5454545454545454,1.993315437835353,4,30,0.7886187924303449,4.029050091126344,6.3822758974207305,5.357977583458406
"liquidity,interaction",168,273,0.11100259998251581,2024,5,0.09680103215964692,0.12137066645892425,0.12669130579983845,0.4152558293791502,-0.3649916549675488,0.5,1.9827912370822176,6,5,0.810487242665735,1.6650823149542628,2.799709924893853,1.4908316424359538
"liquidity,interaction",168,273,0.11100259998251581,2024,10,0.09680103215964692,0.13636464422423056,0.14238326761438036,0.39477851070329767,-0.2784514377280396,0.5082644628099173,1.9852537102336176,10,10,0.8357934699785727,1.7679833499081052,3.4418969827344097,1.5960922951205543
"liquidity,interaction",168,273,0.11100259998251581,2024,20,0.09680103215964692,0.027581304979724663,0.02873725299973695,0.40076747804384977,-0.29304748542677284,0.512396694214876,1.9901341415191254,17,20,0.6623822238288892,1.4896837247803938,3.2193908503558957,1.300812070185769
"liquidity,interaction",168,273,0.11100259998251581,2024,30,0.09680103215964692,0.025982499323909503,0.02707056175137912,0.4060401885549455,-0.3045862085775676,0.5165289256198347,1.9921428600984372,26,30,0.6605791679391266,1.4724077409105205,3.3946401920307725,1.3082932166908874
"liquidity,interaction",168,273,0.11100259998251581,2025,5,0.10734111621732471,0.1606084500815539,0.16702859097544587,0.2592768338575138,-0.18391764535865884,0.5679012345679012,1.9927543172294817,5,5,0.8820348111656173,2.606134171523897,2.040355230502109,2.185960370757876
"liquidity,interaction",168,273,0.11100259998251581,2025,10,0.10734111621732471,0.2341107045681532,0.2437629203129541,0.23636212717382393,-0.16069622336209122,0.5967078189300411,1.9946411394620502,8,10,1.002039637203251,3.1063777256892067,3.027450163124434,2.8022663719853824
"liquidity,interaction",168,273,0.11100259998251581,2025,20,0.10734111621732471,0.13705158415226704,0.14247340648947238,0.22873636825176283,-0.15823629413455975,0.5720164609053497,1.9955912545472134,15,20,0.8453340806939731,2.833722917730405,2.795827518486296,2.5570476386537693
"liquidity,interaction",168,273,0.11100259998251581,2025,30,0.10734111621732471,0.15597065075158612,0.16219277452786574,0.22567887775102594,-0.1549242790732902,0.5473251028806584,1.9965436912745114,22,30,0.8764387558340723,2.9463165236580457,3.1740375523492994,2.6871042324089003
"liquidity,interaction",168,273,0.11100259998251581,2026,5,0.08061849145961918,0.1581572453915523,0.22544408791754678,0.3366016793837389,-0.1710953080239972,0.521978021978022,1.9998735405594221,2,5,0.6656482176379888,2.2296207884688584,3.2684891827695868,3.0780388552805324
"liquidity,interaction",168,273,0.11100259998251581,2026,10,0.08061849145961918,0.08815423754970797,0.12409281562404284,0.3236863211820263,-0.2230799641709228,0.5714285714285714,1.9992147510136116,3,10,0.5649723436579552,2.0391341533956853,3.223969877537432,2.919893823821124
"liquidity,interaction",168,273,0.11100259998251581,2026,20,0.08061849145961918,0.023675006122194864,0.0329293068845351,0.30896881593988285,-0.23764642746589415,0.5714285714285714,1.9969390184419806,8,20,0.47180121545245823,1.8460161144981433,2.923243493496489,2.6986610825067006
"liquidity,interaction",168,273,0.11100259998251581,2026,30,0.08061849145961918,0.0012170493871084265,0.0016855396116310928,0.3085821377190848,-0.2562678666929957,0.554945054945055,1.9955276334298215,16,30,0.4391788565562864,1.7467561902714588,2.8464672685483756,2.5808747546693476
"liquidity,relative",169,277,0.11183392787774002,2023,5,0.1012875358219634,0.07218292177113383,0.07527528980991649,0.21138891292841278,-0.27057307747858717,0.5041322314049587,1.9986181038195208,0,5,0.737483567020953,2.7678814476764275,3.2410297888727277,3.6166178254885497
"liquidity,relative",169,277,0.11183392787774002,2023,10,0.1012875358219634,0.07517741828780844,0.07840269969898173,0.18038405657962853,-0.2427250636211331,0.49586776859504134,1.9977894472988211,1,10,0.7419897055942524,3.224548209370258,4.22984011441162,4.289436596622331
"liquidity,relative",169,277,0.11183392787774002,2023,20,0.1012875358219634,0.03535609559560582,0.036843687372996925,0.16028542300041354,-0.20803984971802936,0.5289256198347108,1.9974309213260062,2,20,0.6774733407109863,3.3629787310286146,5.134276861701069,4.60683131938624
"liquidity,relative",169,277,0.11183392787774002,2023,30,0.1012875358219634,0.011628888008438087,0.0121123193053716,0.16034384155061793,-0.22612559333376092,0.5247933884297521,1.997516726343867,2,30,0.6391399545196033,3.2116265127582704,5.179662489394336,4.48286327711041
"liquidity,relative",169,277,0.11183392787774002,2024,5,0.09654317759571764,-0.03269764285951082,-0.03402553847774892,0.4410527613015169,-0.31156376091530547,0.4834710743801653,1.978003845569448,4,5,0.5604913681529731,1.2414212565722436,1.8605070855226225,0.9798592721209904
"liquidity,relative",169,277,0.11183392787774002,2024,10,0.09654317759571764,-0.012133748468230676,-0.012631963081309983,0.4229076725921793,-0.3254940921647971,0.5082644628099173,1.985643796958007,8,10,0.5965438896565312,1.3337848439577171,2.4287156764627404,1.0879662183390073
"liquidity,relative",169,277,0.11183392787774002,2024,20,0.09654317759571764,-0.05890720037492214,-0.06126527677231952,0.4007096410260269,-0.32432938599785366,0.5082644628099173,1.9882545717872202,20,20,0.522009789985936,1.2607744175399813,2.6359355052152695,0.9883211703173426
"liquidity,relative",169,277,0.11183392787774002,2024,30,0.09654317759571764,-0.056369782610457,-0.05862948101447396,0.4008287484130611,-0.31809524710312165,0.5041322314049587,1.9884185480910879,33,30,0.5261425979599998,1.2675651875156728,2.8751776031657967,1.0051012107191306
"liquidity,relative",169,277,0.11183392787774002,2025,5,0.11067630460276862,0.022529579889606133,0.02337368685208885,0.25347393769425147,-0.1804955281924545,0.5390946502057613,1.9871112254294006,8,5,0.6561963936438928,2.1367004181808635,1.2664710722876986,1.6687002401526254
"liquidity,relative",169,277,0.11183392787774002,2025,10,0.11067630460276862,0.1715750358100765,0.17846625223645662,0.23613175176185025,-0.19079738216148268,0.5637860082304527,1.9920400868161101,12,10,0.8995067918840227,2.8758879882550437,2.3589874508627964,2.456830672882744
"liquidity,relative",169,277,0.11183392787774002,2025,20,0.11067630460276862,0.09072074288139276,0.09423441924299936,0.2376033338933115,-0.17841918797959133,0.551440329218107,1.9906118106262851,19,20,0.7680517547396741,2.549659890363975,2.2282929008195915,2.1687149961524352
"liquidity,relative",169,277,0.11183392787774002,2025,30,0.11067630460276862,0.11306210566791353,0.11748663580283103,0.2355261234766433,-0.17152575058629793,0.5473251028806584,1.9931300056914214,25,30,0.8053555612142234,2.662524542045272,2.57802631559506,2.321580358401661
"liquidity,relative",169,277,0.11183392787774002,2026,5,0.08028724073860061,-0.0065490467120433715,-0.009056475031601563,0.3517677842322786,-0.3115341979672651,0.5274725274725275,1.9875570253288604,3,5,0.4259180279652981,1.536019082410211,2.289691331820155,2.263854810733653
"liquidity,relative",169,277,0.11183392787774002,2026,10,0.08028724073860061,-0.028479498395159397,-0.039215906681807855,0.31783513267522245,-0.2678918627366712,0.5384615384615384,1.9935927880861484,4,10,0.396117918146512,1.5731821849837324,2.703154500466405,2.403896283302915
"liquidity,relative",169,277,0.11183392787774002,2026,20,0.08028724073860061,-0.08334771832459253,-0.11352204369859964,0.31689653137112245,-0.33331123995606604,0.5439560439560439,1.9956262813599286,7,20,0.31793219135203965,1.3256521405737163,2.3268615234951615,2.12966999081633
"liquidity,relative",169,277,0.11183392787774002,2026,30,0.08028724073860061,-0.15440572334934044,-0.2072295881777937,0.31538056569242745,-0.3712833516053369,0.521978021978022,1.9956082269810114,10,30,0.21597317984545028,0.9774201379265536,1.7453443036648888,1.7022635806349902
"liquidity,relative,interaction",173,280,0.11069562173261883,2023,5,0.10193387795708053,0.024915812902234657,0.02595864329753672,0.1974653012423412,-0.22642276519868942,0.45041322314049587,1.9982220437544533,0,5,0.6608867258917943,2.7105949948278094,3.193337344978763,3.5921728659723646
"liquidity,relative,interaction",173,280,0.11069562173261883,2023,10,0.10193387795708053,0.02265816827933209,0.023605422725769598,0.178380013507932,-0.22380570789117993,0.4628099173553719,1.9973520171484695,1,10,0.6568982121410167,2.9667288498493347,3.9046200474510915,4.002984748359411
"liquidity,relative,interaction",173,280,0.11069562173261883,2023,20,0.10193387795708053,0.09769004124811209,0.10192602433123632,0.16304660068525817,-0.1842931899544542,0.5495867768595041,1.9979209822200978,2,20,0.7784661420920007,3.6820876831970035,5.755644613516875,5.028627408460464
"liquidity,relative,interaction",173,280,0.11069562173261883,2023,30,0.10193387795708053,0.04288719792902351,0.04469843760790648,0.1594247309814683,-0.2053965390054051,0.5165289256198347,1.9977678813732365,2,30,0.689787702457447,3.4279882690680465,5.655711527250986,4.789193721033663
"liquidity,relative,interaction",173,280,0.11069562173261883,2024,5,0.09699775914865638,0.14553468977567152,0.1519844120969036,0.43362263092841036,-0.2908301853738575,0.5082644628099173,1.9961775615374666,5,5,0.8553961418431766,1.6701623470861189,3.052387921689697,1.5274253305496375
"liquidity,relative,interaction",173,280,0.11069562173261883,2024,10,0.09699775914865638,-0.020311283591154194,-0.02114165869578466,0.41849006984660125,-0.31927051064335865,0.5206611570247934,1.9939606260985494,11,10,0.5864781189813966,1.3264501199114587,2.5287684369116494,1.100632068948349
"liquidity,relative,interaction",173,280,0.11069562173261883,2024,20,0.09699775914865638,-0.003486473847605698,-0.0036302811983355276,0.4136564221307818,-0.314745167975495,0.5082644628099173,1.993688481731043,19,20,0.6135585917960527,1.3799886399145438,2.931090776418901,1.16256770843542
"liquidity,relative,interaction",173,280,0.11069562173261883,2024,30,0.09699775914865638,-0.027775976318631046,-0.02890699569664501,0.4046515169165595,-0.32123462493753474,0.512396694214876,1.993526056568263,26,30,0.5742525518198778,1.338521395366369,3.0559468495881834,1.1024864687670741
"liquidity,relative,interaction",173,280,0.11069562173261883,2025,5,0.11216476485561609,0.14204487415232436,0.14767674710341483,0.25984335345620485,-0.185296918785535,0.5349794238683128,1.9896696762461843,7,5,0.8505170981786006,2.5322680856135715,1.8891828986820969,2.1427138015922966
"liquidity,relative,interaction",173,280,0.11069562173261883,2025,10,0.11216476485561609,0.19319772017211512,0.201029335877432,0.2491796525036509,-0.18238488226652827,0.5679012345679012,1.9930292053686367,10,10,0.9348943729737571,2.815885587530307,2.574559312662737,2.532558822918357
"liquidity,relative,interaction",173,280,0.11069562173261883,2025,20,0.11216476485561609,0.21468150845830314,0.22346248715621142,0.24994975821490595,-0.18443035412852582,0.5802469135802469,1.994956643702423,19,20,0.9705394386975574,2.8839785177954913,2.9516795668627087,2.660369397428603
"liquidity,relative,interaction",173,280,0.11069562173261883,2025,30,0.11216476485561609,0.1735746882137812,0.18055222933949566,0.24771305076758757,-0.17592706087476528,0.5637860082304527,1.9901692815334082,29,30,0.9018715158956254,2.761462624441044,2.9843938284836935,2.5536534918819984
"liquidity,relative,interaction",173,280,0.11069562173261883,2026,5,0.07997407906007942,0.08772623526424517,0.12348067091321036,0.3477083388723391,-0.2718835107679697,0.5164835164835165,1.9968632136703501,1,5,0.5637281553174238,1.9176272710169737,2.8537538186669007,2.7574379646555958
"liquidity,relative,interaction",173,280,0.11069562173261883,2026,10,0.07997407906007942,-0.041517887041006674,-0.057023346534784136,0.33075806862446333,-0.30089465643427116,0.5384615384615384,1.994616791195248,3,10,0.3776547566309367,1.4684594945642668,2.387749947747088,2.314108000969668
"liquidity,relative,interaction",173,280,0.11069562173261883,2026,20,0.07997407906007942,-0.09439380744042791,-0.128278800008381,0.3144518871844696,-0.3339151268601739,0.5384615384615384,1.9939399289779958,10,20,0.3016598036017679,1.27865924384922,2.265412619916363,2.0837646838600117
"liquidity,relative,interaction",173,280,0.11069562173261883,2026,30,0.07997407906007942,-0.10303951827939062,-0.13978066968718195,0.31507336949629833,-0.336013994220108,0.5384615384615384,1.9952620165564914,13,30,0.28957779829404084,1.2360982147056194,2.2601729894775695,2.0274647561187558
market,169,352,0.11053559287248152,2023,5,0.09501833971227894,0.10064266711720204,0.10501269592972684,0.20777346199846303,-0.15624562200375458,0.45041322314049587,1.9988268027165073,0,5,0.7836028801123334,2.942455524354438,3.238322618942199,3.6148717464700293
market,169,352,0.11053559287248152,2023,10,0.09501833971227894,0.004236203319616827,0.004411638616300451,0.17166923034372167,-0.21131974348478244,0.47107438016528924,1.9972120402896971,1,10,0.627051910053475,2.964889749259606,3.3755012392246497,3.7258185972727453
market,169,352,0.11053559287248152,2023,20,0.09501833971227894,-0.04340645238928764,-0.04515899619696773,0.15623239410306547,-0.20365715574971177,0.4669421487603306,1.9967933025597226,2,20,0.5498630705854084,2.9180115438948664,3.616273553705868,3.802327455419653
market,169,352,0.11053559287248152,2023,30,0.09501833971227894,-0.037749877106203145,-0.03927875261792657,0.1493939801982573,-0.19861629615522935,0.49586776859504134,1.9965563694651038,4,30,0.5589267619828895,3.085544403168247,3.9781196119896793,4.057636666585774
market,169,352,0.11053559287248152,2024,5,0.09206399511135112,0.08335213190822977,0.08694208494258282,0.41903994973614084,-0.33186566555850716,0.48760330578512395,1.983151406147417,9,5,0.74906042794491,1.5655758435998468,1.9374391389484154,1.3340681850408291
market,169,352,0.11053559287248152,2024,10,0.09206399511135112,-0.04195324151758839,-0.04364846029779024,0.3790684965730601,-0.34449008446563323,0.45454545454545453,1.9859477555088179,15,10,0.548310958642672,1.355826802575896,1.7395673744476525,1.0617473130848278
market,169,352,0.11053559287248152,2024,20,0.09206399511135112,-0.17831013728369716,-0.18495147966649272,0.36060730765433685,-0.35989794844967304,0.47520661157024796,1.9808695969646035,34,20,0.3266282181830129,0.9614235184385583,1.2027319804058079,0.5570114177257118
market,169,352,0.11053559287248152,2024,30,0.09206399511135112,-0.19686123034044256,-0.20410400763813363,0.3601563032012982,-0.3586713146371655,0.47107438016528924,1.9796076316472118,57,30,0.29634225668972336,0.8956801939642945,1.1930522292009944,0.48377326971107576
market,169,352,0.11053559287248152,2025,5,0.10814703619449999,0.5134188959608073,0.53682460780032,0.25981719368849127,-0.16138929758255627,0.5637860082304527,1.9947553312769846,7,5,1.4542431355895205,3.6626327109844277,3.211978307546734,3.7579239197891243
market,169,352,0.11053559287248152,2025,10,0.10814703619449999,0.2919434680459201,0.30425839426357015,0.24636155500254212,-0.15222124578206786,0.588477366255144,1.9934903305083194,13,10,1.0950946201440934,3.183442534298161,2.823659443601357,3.160807830754997
market,169,352,0.11053559287248152,2025,20,0.10814703619449999,0.2754150807028515,0.2869585756083406,0.2291815250056945,-0.15628735033009356,0.588477366255144,1.9941938584042,21,20,1.0686787120226184,3.3437108362401413,3.176305473441196,3.368543268895526
market,169,352,0.11053559287248152,2025,30,0.10814703619449999,0.20144723344574333,0.20964163828371074,0.22508418212620482,-0.15872325555922107,0.5925925925925926,1.9935427261346763,31,30,0.9485916041451639,3.1238332241334605,2.8869539974430776,3.077812429826724
market,169,352,0.11053559287248152,2026,5,0.0831286168427723,-0.16268380473944943,-0.21795525263138726,0.37474137196000945,-0.3062180857578155,0.5,1.9904027330786713,4,5,0.20277436828213458,0.8362297044495453,1.1320303049829026,1.369953739031223
market,169,352,0.11053559287248152,2026,10,0.0831286168427723,0.0003527854035427769,0.0004885052343972518,0.33827231793356755,-0.19594815547874722,0.510989010989011,1.9941118081961038,7,10,0.4375512444777039,1.6166748325607847,2.3065276323767763,2.4394230198343787
market,169,352,0.11053559287248152,2026,20,0.0831286168427723,0.09061147646548173,0.1276090411483719,0.3226594583748812,-0.17934413689086814,0.5494505494505495,1.9930720928006214,17,20,0.5666345584715227,2.0468329103572476,3.0180315802436266,3.049080694308309
market,169,352,0.11053559287248152,2026,30,0.0831286168427723,0.0330344151272306,0.04602859174586382,0.31734326137549274,-0.19409028018607033,0.5439560439560439,1.9891841129808299,24,30,0.48305550963109045,1.837787414918451,2.803432500444324,2.7657465206979857
"market,interaction",173,415,0.10814795385142693,2023,5,0.0992905116002482,0.12522534224255022,0.13072459711808637,0.1897366528591254,-0.204086667183211,0.5,1.9973327508529122,1,5,0.822711019278495,3.32304518306622,3.315897918695733,3.7627390625572175
"market,interaction",173,415,0.10814795385142693,2023,10,0.0992905116002482,0.056264978937834886,0.05865689691624376,0.158236749678243,-0.18584070126065644,0.5041322314049587,1.9967604011673985,2,10,0.7110066391891241,3.53463919672853,3.690540594405823,4.054681733608907
"market,interaction",173,415,0.10814795385142693,2023,20,0.0992905116002482,-0.00490058023467832,-0.005102566043385881,0.14336247138788932,-0.22607812038442265,0.49173553719008267,1.9970803101792087,2,20,0.6122494653001147,3.453919457870912,3.7823709210511796,4.095618438041831
"market,interaction",173,415,0.10814795385142693,2023,30,0.0992905116002482,-0.017404472718859365,-0.018117112039554795,0.1403625784305863,-0.23726621446126805,0.49586776859504134,1.9967093504476339,4,30,0.5918880480971997,3.430322933867656,3.9445062955799433,4.16128457597643
"market,interaction",173,415,0.10814795385142693,2024,5,0.0958858787577095,-0.02010014674156191,-0.020921982557476793,0.4241845922379242,-0.29629770288462276,0.47520661157024796,1.9872467746334719,6,5,0.5839387642955685,1.3113086579792081,1.7470462373779279,1.0855898251392584
"market,interaction",173,415,0.10814795385142693,2024,10,0.0958858787577095,-0.04738508944124098,-0.049294093557408436,0.41298272219336774,-0.2943720247890276,0.49173553719008267,1.989948294478629,12,10,0.5410770388406017,1.265370588969591,1.9858250783046032,1.0656429467257478
"market,interaction",173,415,0.10814795385142693,2024,20,0.0958858787577095,-0.15951785396117024,-0.16553171578192027,0.38647856844908257,-0.3419835408301576,0.47520661157024796,1.9840803734916623,29,20,0.3580522036935718,0.9856079659770065,1.5755998939604343,0.6665700201000947
"market,interaction",173,415,0.10814795385142693,2024,30,0.0958858787577095,-0.17852759044518174,-0.1851760870663628,0.3778230257021893,-0.3571139223919755,0.4669421487603306,1.9400310272171088,43,30,0.31340599497365584,0.9070262318885463,1.4418946499381946,0.5465776128538415
"market,interaction",173,415,0.10814795385142693,2025,5,0.11012612676012344,0.37705989268286033,0.39347515738968686,0.2894733882904319,-0.18302646425641256,0.5802469135802469,1.9926803933087316,7,5,1.2321752411092493,2.9757091535981415,2.5245656613735123,2.8441786292437983
"market,interaction",173,415,0.10814795385142693,2025,10,0.11012612676012344,0.28095592512063994,0.2927571086004497,0.24962927959426456,-0.17121234030760246,0.5720164609053497,1.9903443973253543,16,10,1.0756083549842068,3.103246833699026,2.789115187423511,3.1052233124990165
"market,interaction",173,415,0.10814795385142693,2025,20,0.11012612676012344,0.1987362284093812,0.20681116893303897,0.2371422391949596,-0.16386636403572286,0.5802469135802469,1.992130370869495,24,20,0.9435329419729175,2.9664453351374305,2.620741173429473,2.871640988227788
"market,interaction",173,415,0.10814795385142693,2025,30,0.11012612676012344,0.19375400260546116,0.20161001279446467,0.22554666483660768,-0.1613514384355481,0.5679012345679012,1.9270363009940237,32,30,0.9051999824476462,3.015145237040583,2.6560239372920464,2.9246581163234935
"market,interaction",173,415,0.10814795385142693,2026,5,0.08312691868829228,0.013262108102464198,0.018409625070697766,0.3517106877231915,-0.2565830294809369,0.489010989010989,1.9877051215155364,4,5,0.4543537980366861,1.6134483252224983,2.3211403092836917,2.376905904350343
"market,interaction",173,415,0.10814795385142693,2026,10,0.08312691868829228,0.1051674454606879,0.1485005106642736,0.34392302934759916,-0.2013058738578435,0.521978021978022,1.9898578029458587,9,10,0.5865918190633335,1.9924422299975562,2.986126911051349,2.920031106027164
"market,interaction",173,415,0.10814795385142693,2026,20,0.08312691868829228,0.07295951655922361,0.10241764960802979,0.3317098733575256,-0.22993670219238604,0.521978021978022,1.9943139921218827,13,20,0.5417446244718607,1.9344599671877978,3.0881348630068532,2.897439662542346
"market,interaction",173,415,0.10814795385142693,2026,30,0.08312691868829228,0.025983880237694157,0.03615650890652833,0.32013894946692806,-0.22889678131545588,0.521978021978022,1.9258336333329322,17,30,0.4561686521065069,1.746278977827386,2.8363331375557936,2.6592528536008255
"market,liquidity",175,338,0.11145311648413678,2023,5,0.10007081892509843,0.19344971590453386,0.2022031169144476,0.21238107409003487,-0.20175265312735113,0.5,1.999505638813976,0,5,0.9339976671374124,3.280896156579745,3.6653477127692096,3.893345175991669
"market,liquidity",175,338,0.11145311648413678,2023,10,0.10007081892509843,0.12989055933487847,0.1356067516242916,0.18898916981965647,-0.16646801878642736,0.5,1.9982141805948954,1,10,0.8306356513450259,3.3591397065854283,4.22328286989919,4.126433352049797
"market,liquidity",175,338,0.11145311648413678,2023,20,0.10007081892509843,0.13129580395150442,0.1370775049738686,0.15715653794447101,-0.16020719884922174,0.5247933884297521,1.9944357266338133,2,20,0.831256825955685,4.007071511325331,5.448243705366011,4.980440138637617
"market,liquidity",175,338,0.11145311648413678,2023,30,0.10007081892509843,0.07882848757294836,0.0822163118059851,0.14735026810463853,-0.15945317702466222,0.5330578512396694,1.995254649059999,3,30,0.7468459808309815,3.930424078898219,5.540603744347666,4.931693944597038
"market,liquidity",175,338,0.11145311648413678,2024,5,0.09835652018714451,-0.09096900244661488,-0.09454458892040551,0.38618121469628586,-0.3399911719058182,0.5165289256198347,1.9758318677112452,11,5,0.4652819239905903,1.1891048199053125,1.5315238040381693,0.8124326766209986
"market,liquidity",175,338,0.11145311648413678,2024,10,0.09835652018714451,-0.03247760085014528,-0.03379671730000455,0.37609121890229774,-0.3195439675435551,0.5082644628099173,1.980681024668853,22,10,0.5614455691506774,1.3867745944168417,2.0853714164471056,1.0739972396148492
"market,liquidity",175,338,0.11145311648413678,2024,20,0.09835652018714451,-0.18279381534208183,-0.1895821736233143,0.3590969296450607,-0.3367158630699546,0.47107438016528924,1.9151765699807244,37,20,0.2986962942901834,0.9031221176778026,1.3559975453582391,0.46977726436771855
"market,liquidity",175,338,0.11145311648413678,2024,30,0.09835652018714451,-0.20099281728123142,-0.2083670687584065,0.3606650328423322,-0.3513602047341594,0.49173553719008267,1.9407101583385868,48,30,0.27774437021139575,0.8541708696049835,1.3838500044175874,0.41847748029574744
"market,liquidity",175,338,0.11145311648413678,2025,5,0.10758184503380919,0.4823778074669096,0.5041485031736548,0.2823665825492133,-0.15205157865308638,0.6049382716049383,1.9866521784327948,8,5,1.399106354504195,3.3063383166453653,2.766159595870843,3.0590230315345894
"market,liquidity",175,338,0.11145311648413678,2025,10,0.10758184503380919,0.2523060946046294,0.26278496185297007,0.26234014022702423,-0.17905927600764382,0.588477366255144,1.9901591055366998,13,10,1.0291948597252643,2.878281558302502,2.6304744777923403,2.777593032160131
"market,liquidity",175,338,0.11145311648413678,2025,20,0.10758184503380919,0.15900571801654162,0.16535734702069949,0.23975951189152386,-0.18365007774431996,0.5843621399176955,1.8942131051344977,19,20,0.8351810661453851,2.691040568935702,2.309793303873813,2.4701167696955344
"market,liquidity",175,338,0.11145311648413678,2025,30,0.10758184503380919,0.17586955356501854,0.18294632590820958,0.2308708581997067,-0.17411225218098458,0.5679012345679012,1.9279905903451589,30,30,0.8771555907212041,2.8856558610939347,2.722554012610711,2.7094296758427765
"market,liquidity",175,338,0.11145311648413678,2026,5,0.0844619675904999,0.03377098786012667,0.04706143185084888,0.3950348047404919,-0.23155863541085897,0.5164835164835165,1.9947284851907097,3,5,0.4855524311156356,1.553767087602676,2.1467157457954267,2.1298796706808454
"market,liquidity",175,338,0.11145311648413678,2026,10,0.0844619675904999,0.11678601843988812,0.16525226543132177,0.37558228301401025,-0.23404920961909215,0.5164835164835165,1.9975917654819284,5,10,0.6055089386853567,1.8995799979231438,2.812685054599679,2.67498626419119
"market,liquidity",175,338,0.11145311648413678,2026,20,0.0844619675904999,0.04822134582457638,0.06738117140156108,0.3322784328605501,-0.23771522220544694,0.532967032967033,1.8985741195026973,9,20,0.4803077825176647,1.7625845762692347,2.825753175909534,2.628734090799221
"market,liquidity",175,338,0.11145311648413678,2026,30,0.0844619675904999,0.010011462799383919,0.0138886591254066,0.33425982340583854,-0.26305245248175835,0.521978021978022,1.9294869795827951,18,30,0.43445438813530046,1.6238056798402467,2.6336626920502924,2.4501417574389306
"market,liquidity,interaction",179,319,0.10981736691807306,2023,5,0.10237275298025525,0.0925853116570663,0.0965903558297232,0.19318269778127925,-0.16471905485480431,0.5165289256198347,1.9987444544611417,0,5,0.7705458518559007,3.1110159433824975,3.3826561055491187,3.7817332421123533
"market,liquidity,interaction",179,319,0.10981736691807306,2023,10,0.10237275298025525,0.08207838800070855,0.08561134405017112,0.1658482352379984,-0.1985565285926867,0.48760330578512395,1.998625764243888,0,10,0.7535192728811984,3.5336081802300003,4.1340249144917465,4.326653913530122
"market,liquidity,interaction",179,319,0.10981736691807306,2023,20,0.10237275298025525,0.11986387551411193,0.12511484975669007,0.15134270007598896,-0.16008636994144865,0.5165289256198347,1.9976711832041356,3,20,0.8142116761766929,4.090904471522462,5.204868633559341,5.036256498007905
"market,liquidity,interaction",179,319,0.10981736691807306,2023,30,0.10237275298025525,0.07812947722578589,0.08148614071593063,0.1428139341340973,-0.15640082567305003,0.5289256198347108,1.9974814608657303,4,30,0.7466608720036998,4.050175246354106,5.290796678094208,5.041971527066894
"market,liquidity,interaction",179,319,0.10981736691807306,2024,5,0.09780192500426604,0.09024917670730503,0.09414887697948182,0.4206761744825891,-0.3225755084531824,0.5165289256198347,1.9851155742114317,8,5,0.7609290157991317,1.580881538987665,2.4850281382933073,1.3790315232297992
"market,liquidity,interaction",179,319,0.10981736691807306,2024,10,0.09780192500426604,0.03808324675828745,0.03968776563962506,0.3959800122576777,-0.30399436632159615,0.512396694214876,1.9882876843128394,13,10,0.6783739894727885,1.52682350794472,2.659829367633923,1.2996374226648426
"market,liquidity,interaction",179,319,0.10981736691807306,2024,20,0.09780192500426604,-0.038617743521197845,-0.04018102856935912,0.3889202949915144,-0.31048829623396423,0.49586776859504134,1.989227088357062,28,20,0.5549581577379132,1.343481347791293,2.7659001455170613,1.1080814067257967
"market,liquidity,interaction",179,319,0.10981736691807306,2024,30,0.09780192500426604,-0.09776696141303232,-0.10159451917719065,0.38737623252531217,-0.3276752362946116,0.512396694214876,1.9882774595193586,38,30,0.45920271950688196,1.1772658895341606,2.5306544291163102,0.8998830600150525
"market,liquidity,interaction",179,319,0.10981736691807306,2025,5,0.11014456768091493,0.5480378322870052,0.573296285042624,0.2347628827551202,-0.1443329008177715,0.5843621399176955,1.9933431391504075,6,5,1.509370723539229,4.118930677673394,3.6265168873880125,3.8322018911741393
"market,liquidity,interaction",179,319,0.10981736691807306,2025,10,0.11014456768091493,0.4667921839169067,0.487751465015656,0.23515705995319205,-0.16096403969023643,0.6090534979423868,1.9960435683253244,9,10,1.3795294789262247,3.8813431053578062,3.727079914507897,3.696387162434734
"market,liquidity,interaction",179,319,0.10981736691807306,2025,20,0.11014456768091493,0.2462655349890075,0.2564688255448515,0.22616120483069574,-0.16388960079412906,0.5679012345679012,1.9941294475606417,19,20,1.0213996402653356,3.276638612015464,3.0692952827931057,3.0053293673878945
"market,liquidity,interaction",179,319,0.10981736691807306,2025,30,0.11014456768091493,0.20591131160588727,0.2143029476658589,0.22747516615679292,-0.1568197387490562,0.5637860082304527,1.9946627946288673,29,30,0.9563550975414841,3.1116409503800857,3.191756087320406,2.9211570946082173
"market,liquidity,interaction",179,319,0.10981736691807306,2026,5,0.08443545083146818,0.2958746759426256,0.43171463917155495,0.38551411803052293,-0.27778267842311344,0.532967032967033,1.9927935584800907,4,5,0.8607331656101518,2.388936454606623,3.3561687105817595,3.2561836438261165
"market,liquidity,interaction",179,319,0.10981736691807306,2026,10,0.08443545083146818,0.18728811977656545,0.26832792298701613,0.3753492282486177,-0.2933889692503029,0.521978021978022,1.9907895729126122,9,10,0.704485411345227,2.1194773342740256,3.146428753307849,3.001907393879705
"market,liquidity,interaction",179,319,0.10981736691807306,2026,20,0.08443545083146818,0.12863612468394314,0.18240703022906435,0.3523362860126837,-0.2561037361419446,0.5494505494505495,1.9939483097526647,14,20,0.6214211345134542,2.0384312186510565,3.2516207433936732,2.937725519166737
"market,liquidity,interaction",179,319,0.10981736691807306,2026,30,0.08443545083146818,0.08762189173354407,0.12333144897722303,0.34688238736665367,-0.28318626697510485,0.5384615384615384,1.9937300909393252,22,30,0.5625558450637598,1.9176444877443546,3.082610969196765,2.7623163432580284
"market,liquidity,relative",180,322,0.1107122452243869,2023,5,0.09763591325113181,-0.05613160906253922,-0.058382058213401145,0.19567637859772583,-0.280787304465383,0.49173553719008267,1.9975381264010996,0,5,0.5295485363405239,2.2954831387003276,2.579224332316609,2.9628241205335133
"market,liquidity,relative",180,322,0.1107122452243869,2023,10,0.09763591325113181,0.020744062861460355,0.02161045300427422,0.18280512392446727,-0.19322201839150954,0.48760330578512395,1.9973480123787895,1,10,0.6537974151741572,2.888219856060935,3.4861394551621396,3.6851595628331846
"market,liquidity,relative",180,322,0.1107122452243869,2023,20,0.09763591325113181,0.05925753145226187,0.06178034796295795,0.1633942849450776,-0.17395444326210996,0.5247933884297521,1.9972115314153633,3,20,0.7160284159309067,3.4466833950875295,4.632031283178113,4.349734477134282
"market,liquidity,relative",180,322,0.1107122452243869,2023,30,0.09763591325113181,0.06546435492981906,0.06825982818146303,0.15630518780105854,-0.1678015442562435,0.512396694214876,1.9946257183284795,5,30,0.7249847142052357,3.6301672529686297,5.034310390681406,4.637881854560804
"market,liquidity,relative",180,322,0.1107122452243869,2024,5,0.0975480828452842,0.32489856385935734,0.3403909851707059,0.4332617591860582,-0.306998948618588,0.5289256198347108,1.986703858886151,10,5,1.1398964767589441,2.012155747918579,3.1056507221158998,1.9172593745113795
"market,liquidity,relative",180,322,0.1107122452243869,2024,10,0.0975480828452842,0.14658046569716454,0.15307955390620975,0.3975207578451669,-0.30448368723078667,0.49586776859504134,1.988322106924342,18,10,0.8533925592159577,1.7806907402405034,3.131585638478377,1.6202715244309087
"market,liquidity,relative",180,322,0.1107122452243869,2024,20,0.0975480828452842,0.0298891078014476,0.031143234504768857,0.39039091043683855,-0.3259256281394177,0.48760330578512395,1.9897678204314442,30,20,0.6657548617734286,1.5229470683467912,3.0102290754435166,1.309665471604262
"market,liquidity,relative",180,322,0.1107122452243869,2024,30,0.0975480828452842,-0.006461738488606206,-0.006727852279352908,0.37978531220118167,-0.3238744295375131,0.49173553719008267,1.9882508145593276,42,30,0.606521288553654,1.455856727633846,3.110855396363523,1.216747726195277
"market,liquidity,relative",180,322,0.1107122452243869,2025,5,0.1115930707890488,0.18970121007263518,0.19737972414183846,0.24940120295534465,-0.22857837955608173,0.5596707818930041,1.991060808267894,6,5,0.9285000835628776,2.801427907122749,2.0005016465216583,2.356545452175929
"market,liquidity,relative",180,322,0.1107122452243869,2025,10,0.1115930707890488,0.23216150315767514,0.24172577616441338,0.24231933745124387,-0.20069347968664886,0.5596707818930041,1.9891375793588844,13,10,0.9961376194028346,3.022034580196153,2.5544564887973573,2.7537299702600446
"market,liquidity,relative",180,322,0.1107122452243869,2025,20,0.1115930707890488,0.22123190468246867,0.2303052796325442,0.23135992395120766,-0.17400887929802344,0.5720164609053497,1.992002706435262,24,20,0.9798197965402207,3.1159462351168288,2.984625801762184,2.9422230488784087
"market,liquidity,relative",180,322,0.1107122452243869,2025,30,0.1115930707890488,0.16584396042114347,0.172488498440327,0.23197326080334527,-0.1925116847160292,0.5555555555555556,1.9895666882004943,36,30,0.8890902880901204,2.8995679872155593,2.8583563552614963,2.7048191246497777
"market,liquidity,relative",180,322,0.1107122452243869,2026,5,0.08263679535590122,-0.11337888174817978,-0.15347979251739652,0.3605114809242668,-0.3930439908707595,0.532967032967033,1.9930325116156653,3,5,0.2741101507408561,1.0763066574796245,1.5727887989964573,1.6861133571477067
"market,liquidity,relative",180,322,0.1107122452243869,2026,10,0.08263679535590122,-0.10897216665884812,-0.14764859344158066,0.34822234367135746,-0.30828623386220055,0.4945054945054945,1.984484513274477,10,10,0.2784038682714072,1.1148491636220057,1.7327227342233067,1.7659553998733173
"market,liquidity,relative",180,322,0.1107122452243869,2026,20,0.08263679535590122,-0.057472079973746815,-0.07868660163811603,0.3360552432569679,-0.3255798269359286,0.521978021978022,1.9832330659097064,17,20,0.3519099652412281,1.372856598184785,2.181601965839052,2.1024296902839024
"market,liquidity,relative",180,322,0.1107122452243869,2026,30,0.08263679535590122,-0.05800751935401949,-0.07941121305317589,0.334007511981794,-0.3245249869023987,0.510989010989011,1.9876861211766301,21,30,0.3522742101403684,1.380457827007617,2.254203371226029,2.1250609668843725
"market,liquidity,relative,interaction",184,415,0.11119141895604528,2023,5,0.09846142827037428,0.22948423868329448,0.24002524340250897,0.219167723733471,-0.15789104959867628,0.5041322314049587,1.9997633392356673,0,5,0.9923919857767374,3.3272956624561107,3.844554450952885,3.962169119752624
"market,liquidity,relative,interaction",184,415,0.11119141895604528,2023,10,0.09846142827037428,0.19106708799521366,0.19970393886415416,0.18779611785416925,-0.12332455676568221,0.5165289256198347,1.9986396881542297,1,10,0.9297527343441037,3.671953562625121,4.695977453109153,4.406198100798899
"market,liquidity,relative,interaction",184,415,0.11119141895604528,2023,20,0.09846142827037428,0.1003775394631472,0.10473551779647772,0.1683050367018617,-0.15278199631717415,0.5247933884297521,1.997144705339413,4,20,0.7824670752393945,3.5851905553501733,4.969586354257064,4.471123790664568
"market,liquidity,relative,interaction",184,415,0.11119141895604528,2023,30,0.09846142827037428,0.0341509752693554,0.03558699586254588,0.15938103381261592,-0.17344090875191287,0.5206611570247934,1.9968899727812999,5,30,0.6753020599221291,3.372088267452633,4.73115522005082,4.354164101214915
"market,liquidity,relative,interaction",184,415,0.11119141895604528,2024,5,0.09644048115895093,0.13033960668808464,0.13607672414695537,0.4319279548375696,-0.25445203048506193,0.5289256198347108,1.9868754408199003,11,5,0.8263782009005782,1.637245248331225,2.7164538047542925,1.469727143963689
"market,liquidity,relative,interaction",184,415,0.11119141895604528,2024,10,0.09644048115895093,0.030917554909438483,0.032215505664564326,0.406057804494277,-0.2981587423446056,0.5206611570247934,1.987450206049268,18,10,0.6664169887490317,1.4807196231180335,2.9424093750297713,1.2892507286367418
"market,liquidity,relative,interaction",184,415,0.11119141895604528,2024,20,0.09644048115895093,0.042292898103617915,0.044078512434646555,0.3955203621008154,-0.30229413976782493,0.5206611570247934,1.9857914193367847,34,20,0.6841038552651895,1.536783355768839,3.150126559231675,1.3299422740421978
"market,liquidity,relative,interaction",184,415,0.11119141895604528,2024,30,0.09644048115895093,0.027753201030790597,0.0289164541727287,0.39811848428866414,-0.3146889517836865,0.512396694214876,1.9893765547426414,42,30,0.6621645875189326,1.4956752378620235,3.259061269822716,1.2968735448903048
"market,liquidity,relative,interaction",184,415,0.11119141895604528,2025,5,0.11125483986040388,0.24512722007132548,0.2552787062966906,0.26796140151939735,-0.1915843978607481,0.5473251028806584,1.9885540916877054,7,5,1.0167408788157442,2.7957511952910066,2.0666584452385983,2.4726277866096504
"market,liquidity,relative,interaction",184,415,0.11119141895604528,2025,10,0.11125483986040388,0.36916022263094095,0.38518613340564567,0.25098029896437946,-0.15404554048167174,0.5843621399176955,1.992387144878818,13,10,1.2193839506327926,3.3635949036735187,2.992739421974363,3.133408282324376
"market,liquidity,relative,interaction",184,415,0.11119141895604528,2025,20,0.11125483986040388,0.2388200497574795,0.24868522994900943,0.23828121238920746,-0.17178741896079597,0.6008230452674898,1.990320495380216,22,20,1.007513525893275,3.0940174283141166,2.972652857245439,2.886746846905002
"market,liquidity,relative,interaction",184,415,0.11119141895604528,2025,30,0.11125483986040388,0.1840235009696769,0.1914542520248672,0.23779843867044834,-0.1812457312543061,0.5637860082304527,1.991056995594785,35,30,0.9191926204055418,2.9038877797243843,2.8390032120337825,2.6957307866980083
"market,liquidity,relative,interaction",184,415,0.11119141895604528,2026,5,0.08181496493141847,-0.07081302018970503,-0.09669360844937525,0.3802337309447465,-0.3221221932044882,0.5494505494505495,1.9871906953724576,5,5,0.33367997343627054,1.2056294711778177,1.6543881114268049,1.768189894698319
"market,liquidity,relative,interaction",184,415,0.11119141895604528,2026,10,0.08181496493141847,-0.05706924072308439,-0.07814133391996336,0.35142462150571174,-0.31630263057247465,0.5384615384615384,1.9945521963437312,5,10,0.3553035473142754,1.338038832911909,1.959486632942781,1.98918965553898
"market,liquidity,relative,interaction",184,415,0.11119141895604528,2026,20,0.08181496493141847,-0.09530959123295457,-0.12949912596206048,0.3369819185928147,-0.32839996555598516,0.521978021978022,1.9925329122360678,11,20,0.2999545793610565,1.2094035018219964,1.9448608591317766,1.8975566152347874
"market,liquidity,relative,interaction",184,415,0.11119141895604528,2026,30,0.08181496493141847,-0.07432314682469454,-0.10141497854056303,0.3311196614667036,-0.326965000046625,0.5439560439560439,1.9933580176071994,17,30,0.3302498831457228,1.321130808495877,2.141210454813497,2.0521261300156857
"market,relative",174,285,0.10881200124894479,2023,5,0.09366654947833877,0.1455951508943869,0.15204772615994622,0.19575598740327865,-0.19652549990928048,0.5,1.9975060880636717,1,5,0.8557082358392203,3.3218208821963207,3.7861140941171074,3.827964179070469
"market,relative",174,285,0.10881200124894479,2023,10,0.09366654947833877,-0.029111254915191842,-0.030295794105583584,0.18342793207858693,-0.23427042082551264,0.4297520661157025,1.9969316575393765,1,10,0.5730223180723253,2.594656401535978,3.1193739228858814,3.3138797342423083
"market,relative",174,285,0.10881200124894479,2023,20,0.09366654947833877,-0.06567906810241075,-0.06829825627651376,0.16500662093370874,-0.21827704813001447,0.4669421487603306,1.995773327953697,4,20,0.5134772315971852,2.621760626001161,3.3709625647272445,3.5134734606849154
"market,relative",174,285,0.10881200124894479,2023,30,0.09366654947833877,-0.022064908854460996,-0.022966132520854554,0.1542305807610971,-0.19492411609296856,0.48760330578512395,1.9966856975482996,4,30,0.5843376749584519,3.1028986183540628,4.289844729406151,4.101952693526236
"market,relative",174,285,0.10881200124894479,2024,5,0.09142023355408654,-0.08285282842124264,-0.08612473065914894,0.40175624362868045,-0.3737426927857268,0.49173553719008267,1.981914779651505,9,5,0.4807374900116448,1.1857709263050007,1.4952922931889803,0.8731579742344484
"market,relative",174,285,0.10881200124894479,2024,10,0.09142023355408654,-0.11392454004456753,-0.11834215345837706,0.37231124904882135,-0.33831188068507745,0.4834710743801653,1.9852690425545447,17,10,0.4320074209116529,1.1553541718831266,1.6669091612695155,0.8230387730909099
"market,relative",174,285,0.10881200124894479,2024,20,0.09142023355408654,-0.09224927665066907,-0.09587248442963558,0.3649600046826665,-0.3388642052479892,0.47520661157024796,1.9833870623331329,33,20,0.46627075168687937,1.2388719384935702,1.9348971011308826,0.9136381878324643
"market,relative",174,285,0.10881200124894479,2024,30,0.09142023355408654,-0.1592607809044494,-0.16526593362396214,0.36659922525055966,-0.3483779186446204,0.4793388429752066,1.984233136553631,46,30,0.3585395275374561,1.019105044896759,1.6648319970007301,0.6518860510780927
"market,relative",174,285,0.10881200124894479,2025,5,0.11109086757292853,0.6008747538054711,0.6290189886763256,0.2764444721811177,-0.17923387716607253,0.6008230452674898,1.990698344557614,7,5,1.5928918927198024,3.659941326779056,3.2023086292417724,3.5526600465814973
"market,relative",174,285,0.10881200124894479,2025,10,0.11109086757292853,0.42878333170425065,0.44779099288927604,0.23835456234575694,-0.14967654395751784,0.5967078189300411,1.994247047960416,10,10,1.316947747994642,3.7162833344978203,3.457798534814496,3.7225921179736274
"market,relative",174,285,0.10881200124894479,2025,20,0.11109086757292853,0.3397626284908446,0.3543552478677787,0.2333567545540907,-0.1720678510580248,0.6049382716049383,1.9954809222658345,19,20,1.1734825683303831,3.506170191374365,3.6683985642918193,3.572083494670455
"market,relative",174,285,0.10881200124894479,2025,30,0.11109086757292853,0.2424469121485393,0.25247657767108156,0.2279841000951859,-0.17899005930644818,0.5843621399176955,1.9943219768068279,28,30,1.015345615279415,3.240030826611139,3.395454431315213,3.279237729135275
"market,relative",174,285,0.10881200124894479,2026,5,0.08251750513520555,-0.1159176812666376,-0.1568342126907325,0.37698601628591333,-0.30700708779427033,0.5164835164835165,1.984113939242692,5,5,0.2684311399216328,1.0296440949690457,1.3959964693649225,1.5785710365256809
"market,relative",174,285,0.10881200124894479,2026,10,0.08251750513520555,-0.16978083762739382,-0.22711826713401106,0.35118415039427986,-0.3084335218753028,0.4945054945054945,1.9876676429789737,9,10,0.19210683730064027,0.835217535549614,1.2417542805917747,1.4341279750544553
"market,relative",174,285,0.10881200124894479,2026,20,0.08251750513520555,-0.17282210290477884,-0.23103566302468448,0.3262865497446589,-0.2961061790669133,0.521978021978022,1.9864281534996004,14,20,0.18752127213385106,0.856047382938911,1.3627846158515997,1.526143054461423
"market,relative",174,285,0.10881200124894479,2026,30,0.08251750513520555,-0.16908132684389365,-0.2262164588764468,0.321307675296173,-0.28347338076261375,0.521978021978022,1.9880641200507787,20,30,0.19321307668359555,0.8847715948584736,1.4334003900760395,1.5852014677602073
"market,relative,interaction",178,419,0.10887714043291234,2023,5,0.09673191728224695,0.11300864860297222,0.11794378587500676,0.23129445960403872,-0.18029836163206514,0.45867768595041325,1.9973556620522006,1,5,0.8029219460452988,2.713507641932658,2.8228474957190213,3.0886342221586167
"market,relative,interaction",178,419,0.10887714043291234,2023,10,0.09673191728224695,0.05281529995478129,0.055056777793292655,0.1904107709163853,-0.2133171009925745,0.512396694214876,1.9968116995204934,2,10,0.7054197769666659,2.947971180899246,3.453123741831729,3.595753932271186
"market,relative,interaction",178,419,0.10887714043291234,2023,20,0.09673191728224695,0.08362505892211214,0.08722723319930026,0.16423020257658286,-0.18183177669844752,0.49586776859504134,1.996190887752045,5,20,0.7549825555760477,3.571661184051701,4.536509963848596,4.409681776858337
"market,relative,interaction",178,419,0.10887714043291234,2023,30,0.09673191728224695,0.053675334711047906,0.055954273024187984,0.1596216785770415,-0.2043359480438467,0.49173553719008267,1.9959504549927587,8,30,0.7064828229984208,3.4878397630605034,4.7831583740607755,4.426193962833323
"market,relative,interaction",178,419,0.10887714043291234,2024,5,0.09347669743225731,-0.10377843187750213,-0.10782698119967449,0.40411048161578217,-0.34022395007553907,0.4834710743801653,1.9719521282671897,13,5,0.4435154160835093,1.114788632611811,1.5008438237593094,0.8263559104585959
"market,relative,interaction",178,419,0.10887714043291234,2024,10,0.09347669743225731,-0.1538031266376182,-0.15962259448634508,0.38486708246484913,-0.31670215518894074,0.47520661157024796,1.9809725080904996,20,10,0.3662251841560573,1.002465498828517,1.4764287042250217,0.6657585522639186
"market,relative,interaction",178,419,0.10887714043291234,2024,20,0.09347669743225731,-0.143904732797554,-0.14938359750714436,0.3677266225021878,-0.34389862312303154,0.4793388429752066,1.9843021881885246,34,20,0.3833090461749882,1.0676286327409437,1.7914766167005645,0.7284767106343142
"market,relative,interaction",178,419,0.10887714043291234,2024,30,0.09347669743225731,-0.15548128405959727,-0.16135800816858803,0.37635571293560277,-0.34459567286212156,0.47520661157024796,1.9849413898889225,48,30,0.3648699042389343,1.0146163908596044,1.8470349302653626,0.673556855740769
"market,relative,interaction",178,419,0.10887714043291234,2025,5,0.11150871446704641,0.4918590218348051,0.5141264543720552,0.2509516584291238,-0.13965732741039927,0.6049382716049383,1.9928998454033675,6,5,1.4182744195424286,3.720060216637631,3.209109634411844,3.615044586233471
"market,relative,interaction",178,419,0.10887714043291234,2025,10,0.11150871446704641,0.4310691615697422,0.4501930898026849,0.2501326496106787,-0.14130937515252584,0.5843621399176955,1.990223557281737,13,10,1.3183693074843283,3.5565515564872623,3.48569080399374,3.6420833206478465
"market,relative,interaction",178,419,0.10887714043291234,2025,20,0.11150871446704641,0.29876016079199896,0.3113956371640729,0.2476348063109783,-0.17270401919732392,0.588477366255144,1.9929382438577015,24,20,1.1057191823268857,3.187141859571509,3.2286985532752626,3.276704547769241
"market,relative,interaction",178,419,0.10887714043291234,2025,30,0.11150871446704641,0.2430910218550273,0.2531499419154115,0.23444135948208755,-0.16817902249787842,0.5720164609053497,1.9908916637041938,36,30,1.0146549528337,3.1559866120631908,3.3565559582929065,3.201274014799914
"market,relative,interaction",178,419,0.10887714043291234,2026,5,0.08268858363505348,-0.09726138710622634,-0.13209840241659043,0.3807931122135325,-0.2691932965933129,0.5274725274725275,1.9950427600927845,2,5,0.2977893089459478,1.1055266706551288,1.6356575708696384,1.7653058621981903
"market,relative,interaction",178,419,0.10887714043291234,2026,10,0.08268858363505348,-0.06244053133604144,-0.08540432938846054,0.35289697582689905,-0.23188279120152455,0.510989010989011,1.9913209309401054,7,10,0.34677760840867666,1.3090180534920697,2.0072615851444913,2.0499682384745976
"market,relative,interaction",178,419,0.10887714043291234,2026,20,0.08268858363505348,-0.13184959428424692,-0.17779965573292877,0.3442598725383898,-0.2967449943945245,0.510989010989011,1.9910376159727163,14,20,0.24720464230098615,1.0252397039902517,1.6514956561228713,1.7214114066440447
"market,relative,interaction",178,419,0.10887714043291234,2026,30,0.08268858363505348,-0.14144399034490573,-0.19035427030173036,0.3397513599115608,-0.29505299792397544,0.4835164835164835,1.9904518777527906,21,30,0.23330277086674345,0.9889703475340265,1.627640597166607,1.688993248822182
none,158,422,0.10788747370119857,2023,5,0.09057528752215178,-0.10701682824883063,-0.111183711208238,0.19778998234364398,-0.23605051037563451,0.4834710743801653,1.9954573194809577,1,5,0.44651113473588544,1.9787515481500257,2.236684051589365,2.682359278952199
none,158,422,0.10788747370119857,2023,10,0.09057528752215178,-0.056103379727866054,-0.05835273244715977,0.16507709094682566,-0.22135304201668715,0.49586776859504134,1.9966814569354132,1,10,0.5292897815586346,2.686181989297273,3.3634126025356257,3.514550687983506
none,158,422,0.10788747370119857,2023,20,0.09057528752215178,-0.08779907521098707,-0.09125642016601376,0.15201838844435417,-0.22385656031262302,0.5041322314049587,1.9910384934776293,5,20,0.4760333013749327,2.661140404429757,3.5754962506615184,3.689847410897278
none,158,422,0.10788747370119857,2023,30,0.09057528752215178,-0.1286976366905065,-0.13364371133964137,0.14687738912631929,-0.24241519168895176,0.47107438016528924,1.9927166959901157,5,30,0.41055996448296184,2.4278113112329525,3.4848310149107573,3.5896231838264425
none,158,422,0.10788747370119857,2024,5,0.09145160812888418,0.13293361434799444,0.1387917609584861,0.41201277234606154,-0.26033061903150556,0.5082644628099173,1.9794858991150355,10,5,0.827392471697526,1.6994839961201351,2.0542320138317773,1.4511727480980783
none,158,422,0.10788747370119857,2024,10,0.09145160812888418,-0.05789015276509457,-0.06020883252172893,0.37253546551272465,-0.27177248763281137,0.4834710743801653,1.9816798014147756,21,10,0.520959886136845,1.3239625883608566,1.7685940054387492,1.0188379949029034
none,158,422,0.10788747370119857,2024,20,0.09145160812888418,0.048563942493852874,0.05062068972590006,0.3575362721755548,-0.25412831240172595,0.49586776859504134,1.9780900079749892,46,20,0.6910219820982537,1.6716839169347013,2.6627792123385094,1.5091008952942881
none,158,422,0.10788747370119857,2024,30,0.09145160812888418,-0.016912116164005897,-0.01760477671254057,0.3499566327850116,-0.2529695534782854,0.4793388429752066,1.9816641257101617,61,30,0.5870921145825896,1.5125535730479658,2.5080245791558275,1.297740772059819
none,158,422,0.10788747370119857,2025,5,0.10366462741901344,0.7288607136017704,0.7642735844118027,0.2773915427754991,-0.17683335546496548,0.5596707818930041,1.9912531600990013,7,5,1.8001485871440979,3.935014472157269,4.141633076306518,4.050134731838664
none,158,422,0.10788747370119857,2025,10,0.10366462741901344,0.6878957004765038,0.7209403388936453,0.2382983460818444,-0.12967885486517805,0.5802469135802469,1.9962958100191515,10,10,1.7376828687496415,4.445180645829697,5.818672225302052,5.030569587638658
none,158,422,0.10788747370119857,2025,20,0.10366462741901344,0.4648283288492987,0.48568582457391374,0.22673056835122113,-0.13272128105120384,0.5843621399176955,1.9923064524772245,20,20,1.374240825138192,4.006802333878849,5.369864107624766,4.444432208529062
none,158,422,0.10788747370119857,2025,30,0.10366462741901344,0.405890865899428,0.42374200576666565,0.22529985461758298,-0.1436656115362005,0.6049382716049383,1.9937822692109213,27,30,1.2797151335252464,3.844354189616924,5.32858007988792,4.271280727192584
none,158,422,0.10788747370119857,2026,5,0.0803187176621492,0.22146786432301324,0.31916225665764997,0.43216717305360264,-0.39763581951641636,0.5384615384615384,1.9987308360115024,3,5,0.7559993585105258,1.9895330461188903,2.6852946689521637,2.850412336697357
none,158,422,0.10788747370119857,2026,10,0.0803187176621492,0.06883448561237593,0.09655359880283587,0.3825537941974608,-0.3726976674889422,0.5604395604395604,1.9971591064182732,6,10,0.5365732297771297,1.7127769569856441,2.542160490117518,2.7133794883024933
none,158,422,0.10788747370119857,2026,20,0.0803187176621492,-0.06815022902409218,-0.09310738487414028,0.35840138683788775,-0.3680831808526348,0.5604395604395604,1.992877538176611,13,20,0.3389798457040274,1.2715183234742937,2.0613984965408663,2.185013804730205
none,158,422,0.10788747370119857,2026,30,0.0803187176621492,-0.14025184858619455,-0.18879723173154572,0.3478587386416505,-0.3801934991407785,0.5494505494505495,1.9935399691467954,17,30,0.23574998832737348,0.9806260043523884,1.6349355041014497,1.8103830796834797
relative,163,375,0.10998820547485441,2023,5,0.0944705580332257,0.08661477024855979,0.09035101325806671,0.2250771563715049,-0.20000261909476524,0.5082644628099173,1.9971214654853064,1,5,0.7601679643476844,2.671647192181831,3.381630682706353,3.515375347703967
relative,163,375,0.10998820547485441,2023,10,0.0944705580332257,0.028699576861947573,0.02990307061706865,0.1856931987956883,-0.2310431531779833,0.4834710743801653,1.9974141445661266,1,10,0.6666867357665365,2.889765679819139,3.9532307417591257,3.8542581301290655
relative,163,375,0.10998820547485441,2023,20,0.0944705580332257,-0.03624323037335819,-0.03771228986875519,0.17062832849112988,-0.20003154505646648,0.49173553719008267,1.9964529844324628,2,20,0.5613137693571435,2.7305503686177275,3.8565128556814687,3.724816378280041
relative,163,375,0.10998820547485441,2023,30,0.0944705580332257,-0.0788111762927799,-0.08193070113227896,0.16225691878499476,-0.20704569602166367,0.47107438016528924,1.9964797969246673,2,30,0.4925018368111995,2.5739711041519797,3.956195596717813,3.773914136819346
relative,163,375,0.10998820547485441,2024,5,0.09313394762629346,0.2178001517371564,0.22775644659079242,0.433451298186937,-0.33983455081158886,0.5247933884297521,1.993858781835045,7,5,0.9708494553090088,1.8163223806393467,2.5537380706360864,1.6110951592985823
relative,163,375,0.10998820547485441,2024,10,0.09313394762629346,0.008181118655088415,0.008520617668715591,0.38597648655170047,-0.3496307219771616,0.5,1.987580031182267,13,10,0.6298286036372325,1.477460137573419,2.2042858771488922,1.1924165890202496
relative,163,375,0.10998820547485441,2024,20,0.09313394762629346,-0.07970232544610856,-0.0828555136395559,0.3890817459401223,-0.36295725645732624,0.47520661157024796,1.9840890225217804,30,20,0.4868293115971698,1.2238476201043604,2.051374632934584,0.9228741668102827
relative,163,375,0.10998820547485441,2024,30,0.09313394762629346,-0.12209262986709235,-0.12680374543080486,0.3813484412290836,-0.36478781666205096,0.45867768595041325,1.9855287117372047,46,30,0.41898102313639884,1.113546851369134,1.9642756301926512,0.7818415496686211
relative,163,375,0.10998820547485441,2025,5,0.11230187132457839,0.8207149876516073,0.8615750884612168,0.26236640520488297,-0.14062838279614853,0.5637860082304527,1.9783486651307098,7,5,1.9396257685253282,4.337490783667979,4.1927478001678455,4.353750993946351
relative,163,375,0.10998820547485441,2025,10,0.11230187132457839,0.5540285794938962,0.5796107316021468,0.2391359523747331,-0.1383588099120202,0.5761316872427984,1.9899420118092948,9,10,1.5170567355062894,4.064415335354393,4.658099464426076,4.378736094733328
relative,163,375,0.10998820547485441,2025,20,0.11230187132457839,0.3026687576150473,0.31548865934163084,0.23876886013127327,-0.15111328716177863,0.551440329218107,1.9890241947516603,20,20,1.1101189628610224,3.3040182860249496,3.7478732015891234,3.461081808284053
relative,163,375,0.10998820547485441,2025,30,0.11230187132457839,0.30900392111045805,0.3221237101887595,0.23445304697242594,-0.15686032873354838,0.5802469135802469,1.9922299684692566,28,30,1.1220208247100345,3.3855846473802034,4.274164069842735,3.6092685701906673
relative,163,375,0.10998820547485441,2026,5,0.08065816010737009,-0.21323913847547882,-0.2825654864805036,0.36977926723261284,-0.36727218728575195,0.5054945054945055,1.9936046204295885,3,5,0.1310587714244249,0.6129889845998222,0.9734619973709462,1.2188711646730814
relative,163,375,0.10998820547485441,2026,10,0.08065816010737009,-0.19984902760058343,-0.2656038781507717,0.36669813354262126,-0.40202976805383284,0.510989010989011,1.9916111672921655,6,10,0.14985247320864903,0.6772656908667628,1.0769231108500696,1.3421184987583294
relative,163,375,0.10998820547485441,2026,20,0.08065816010737009,-0.12445946324550383,-0.16809292224134742,0.3498722713121225,-0.3081290185041272,0.532967032967033,1.9936413191714442,11,20,0.25844895625735775,1.0493058328137104,1.8003856896777024,1.888775193834141
relative,163,375,0.10998820547485441,2026,30,0.08065816010737009,-0.1671747641179422,-0.22375703875494146,0.3427970197661498,-0.32898934363213905,0.5384615384615384,1.9938170317929222,15,30,0.19721703616264485,0.8626019152488268,1.5360262677939773,1.6710073233791338
"relative,interaction",167,370,0.10943709592704985,2023,5,0.09810554427021924,-0.011953520798419381,-0.012444381931037696,0.19590399952770443,-0.25300740123949694,0.47520661157024796,1.997916397922453,0,5,0.6011395874780663,2.535836227348806,2.9307789396339192,3.2961340768180523
"relative,interaction",167,370,0.10943709592704985,2023,10,0.09810554427021924,0.08835767132804584,0.09217223583742307,0.18247774132633726,-0.20241098851677986,0.48760330578512395,1.9986962631054688,0,10,0.7636949167684295,3.2602575481283744,4.492608218538276,4.374843888729477
"relative,interaction",167,370,0.10943709592704985,2023,20,0.09810554427021924,0.016749417196677774,0.01744754569084206,0.16014398223449597,-0.21638748880514136,0.49586776859504134,1.9972775421581501,2,20,0.6473266040606169,3.247900370637569,4.840966860843493,4.518913843134269
"relative,interaction",167,370,0.10943709592704985,2023,30,0.09810554427021924,-0.03961443626984962,-0.04121719709225735,0.1555049909991996,-0.22186098192241244,0.49586776859504134,1.994072765104806,4,30,0.5549846960123621,2.954153930640534,4.542598563236025,4.272086996483626
"relative,interaction",167,370,0.10943709592704985,2024,5,0.09352064882676477,0.2124028157350446,0.22209064969336212,0.42491462860529255,-0.3153375824178819,0.5082644628099173,1.9966206389732737,5,5,0.963710065056419,1.8362081774503238,2.760719198334251,1.7239961414414195
"relative,interaction",167,370,0.10943709592704985,2024,10,0.09352064882676477,0.16386796154648753,0.171189060547007,0.3996954043115862,-0.31402936890267863,0.5206611570247934,1.996924232913655,9,10,0.8854926178703972,1.8204086320742265,3.2125707566418433,1.7102621750660918
"relative,interaction",167,370,0.10943709592704985,2024,20,0.09352064882676477,-0.0035241465033047925,-0.0036695048834965993,0.37382811400235383,-0.3098346454687383,0.5,1.9896130325150996,27,20,0.6118413504902036,1.4823116939591594,2.8308992699405633,1.2592882987066198
"relative,interaction",167,370,0.10943709592704985,2024,30,0.09352064882676477,-0.051615859262506,-0.053690455908584234,0.3760137995589973,-0.3244442342087306,0.4793388429752066,1.9902134909446323,38,30,0.534414976029463,1.3398680602958801,2.6350227731459435,1.0793897338366516
"relative,interaction",167,370,0.10943709592704985,2025,5,0.11268966292826174,0.2770677938244135,0.28868805415755716,0.25265095325076803,-0.1811202804578439,0.5761316872427984,1.992074753908315,5,5,1.0700650236790912,3.0545619231665952,2.581646027482475,2.91511119970907
"relative,interaction",167,370,0.10943709592704985,2025,10,0.11268966292826174,0.3580080048460017,0.3734872695845348,0.24437236310750945,-0.16580116343611473,0.5637860082304527,1.9873943977290416,10,10,1.198675242876749,3.4084588368632778,3.6677187910373656,3.6280374856328033
"relative,interaction",167,370,0.10943709592704985,2025,20,0.11268966292826174,0.3338191691124146,0.34812503951107954,0.23890080034599004,-0.16484383980935458,0.5637860082304527,1.9905207856514349,19,20,1.1612608252250851,3.4066947625230224,4.03271823799205,3.6215078160271097
"relative,interaction",167,370,0.10943709592704985,2025,30,0.11268966292826174,0.28126822570751675,0.29308396107389867,0.23784204646428384,-0.16912752708964385,0.5473251028806584,1.9926027023299786,26,30,1.0773277944295452,3.2488444545328177,4.040862897266466,3.4442534213002043
"relative,interaction",167,370,0.10943709592704985,2026,5,0.07932206230653568,0.2007082473666495,0.28822100399832906,0.4006616825986085,-0.29963240693127247,0.554945054945055,1.9962487588629978,4,5,0.7254681006884152,2.0530676265744225,2.8981900063585817,3.0118626932806625
"relative,interaction",167,370,0.10943709592704985,2026,10,0.07932206230653568,0.04400532524100775,0.06144150450725783,0.3565698400342313,-0.27633029338813986,0.5494505494505495,1.9976857968311008,5,10,0.5011805432214089,1.720311234769755,2.770296085165904,2.773619288382316
"relative,interaction",167,370,0.10943709592704985,2026,20,0.07932206230653568,-0.052614322491636556,-0.07210535861367229,0.32774801851279584,-0.27264035035668877,0.5054945054945055,1.9965300444882175,8,20,0.3622544535160075,1.431741425056614,2.473910179675176,2.4526782663437077
"relative,interaction",167,370,0.10943709592704985,2026,30,0.07932206230653568,-0.08709080992072826,-0.11853024138068657,0.3248885568524422,-0.2777120471040111,0.5054945054945055,1.9968686637695514,10,30,0.3128582099682793,1.2840667583236973,2.3079512402281326,2.2709564057774294
