context_groups,top_n,feature_count,best_iteration,validation_rank_ic,net_sharpe,mean_daily_cost,mean_cash_weight,evaluation_status,net_cumulative_return,net_annualized_return,net_annualized_volatility,net_max_drawdown,net_win_rate,average_turnover,delayed_exits,unsettled_positions,gross_cumulative_return,gross_sharpe,information_ratio_universe,information_ratio_hs300
"market,liquidity,relative,interaction",5,184,230,0.10931817753143987,-1.3819544563807147,0.003979853033365506,0.00025533811637533827,incomplete_market_data,-0.8213369967511788,-0.3796407478370991,0.3171856834764693,-0.8433067191028204,0.44334433443344334,1.9899265166827527,16,5,5.641824391470619,1.7685905495663428,2.2180714291439414,1.904579166231616
"market,liquidity,relative,interaction",10,184,230,0.10931817753143987,-1.224922934254798,0.003985658119811458,0.00015594501311520602,incomplete_market_data,-0.7644011916601128,-0.3301940898491047,0.2996859180830182,-0.7984778425524115,0.45874587458745875,1.992829059905729,26,10,7.7970488793345325,2.113328424392881,3.056568145999888,2.338397658116378
"market,liquidity,relative,interaction",20,184,230,0.10931817753143987,-1.3617685143469351,0.003986409270060886,0.00011436418187364247,incomplete_market_data,-0.7870001187663669,-0.3486594151860476,0.29176946653273256,-0.8143804270721642,0.45544554455445546,1.9932046350304433,51,20,6.961753030640245,2.0678434612288967,3.2021014279081625,2.307045584831602
"market,liquidity,relative,interaction",30,184,230,0.10931817753143987,-1.5598322183494095,0.003984280601752637,0.00007718294037906965,incomplete_market_data,-0.8217711945189026,-0.38005907365383607,0.28716731048994554,-0.8427595849886542,0.46094609460946095,1.9921403008763185,77,30,5.653666376287911,1.9235837410995824,3.0617722954037085,2.1384455429428413
none,5,158,315,0.10775998686105343,-1.0273701515137315,0.003983818648688843,0.00010967514242660954,incomplete_market_data,-0.7306269976205289,-0.30485027519344254,0.316218931426054,-0.756174505571143,0.47414741474147415,1.9919093243444217,18,5,9.030151125890114,2.131838430725669,2.368169146573706,2.3916051174006885
none,10,158,315,0.10775998686105343,-1.2168971643400508,0.0039757709976016185,0.000259259617395185,incomplete_market_data,-0.7542434773497069,-0.32230995840636567,0.2935230050009682,-0.7840163101254563,0.47084708470847086,1.98788549880081,43,10,8.088159774764332,2.179128750102046,2.7064122745851944,2.5258457398976693
none,20,158,315,0.10775998686105343,-1.5348801046607392,0.003978941767571815,0.0001736436181395489,incomplete_market_data,-0.8052071128948239,-0.3645959673478577,0.2775609460131692,-0.8252225179554183,0.44334433443344334,1.9894708837859076,70,20,6.2339384172650245,2.062663777820305,2.8295874892493926,2.4656232221284893
none,30,158,315,0.10775998686105343,-1.6916394346438077,0.003981564415039783,0.00011884347759021355,incomplete_market_data,-0.8280905400304046,-0.3862324855666843,0.27307049134097205,-0.8406140485688233,0.44554455445544555,1.9907822075198913,94,30,5.403202955445608,1.968784146606613,2.7712715563031987,2.3739489708913815
market,5,169,480,0.11063480649540851,-1.0091168138343825,0.00396668522243147,0.0004603882011800245,incomplete_market_data,-0.7438691993952062,-0.3144972303406245,0.33100059794568387,-0.7527963032612465,0.4389438943894389,1.983342611215735,31,5,8.38620974691919,1.9942971836783812,2.1203557269920226,2.12454198169709
market,10,169,480,0.11063480649540851,-1.3431187217104479,0.00396977339671681,0.000388320264760103,incomplete_market_data,-0.7934528029408582,-0.3541906000747421,0.30039672428344805,-0.7941384009958334,0.44884488448844884,1.984886698358405,56,10,6.600683060259718,1.9708850888381781,2.228512400758621,2.162493431005749
market,20,169,480,0.11063480649540851,-1.5141592617570123,0.003975204057300569,0.0002318971671667823,incomplete_market_data,-0.8068075360584774,-0.36604755089306396,0.2820792769082897,-0.8102903688071138,0.4444444444444444,1.9876020286502842,88,20,6.148230259620402,2.020760142241134,2.4733850734777274,2.2955121323454315
market,30,169,480,0.11063480649540851,-1.7444714475392182,0.003975590048464691,0.0001767499248547881,incomplete_market_data,-0.8414063650119636,-0.39979854966794026,0.27693891460365544,-0.8422656337312192,0.4367436743674367,1.9877950242323452,120,30,4.875385018773158,1.8583652306706933,2.3161135429912663,2.1052413765987312
liquidity,5,164,246,0.11287408304567295,-2.124103459236143,0.003970870866101535,0.0004322874576359491,incomplete_market_data,-0.9102100385958661,-0.4873679883079578,0.2985745392305092,-0.9103246683383265,0.4312431243124312,1.9854354330507675,19,5,2.319396020481569,1.2183456320651456,1.2538095478460864,1.2266404336988688
liquidity,10,164,246,0.11287408304567295,-1.8686061725532281,0.003978332921409588,0.00028219361503797847,incomplete_market_data,-0.8776273215773229,-0.4414258388469443,0.294209171318065,-0.8781064135665705,0.45544554455445546,1.9891664607047939,34,10,3.549651425066201,1.5281151967372433,1.9322799524227334,1.624127356122197
liquidity,20,164,246,0.11287408304567295,-1.7600463241804514,0.003982164831225589,0.000162970094647304,incomplete_market_data,-0.8538944683053296,-0.41329141896457444,0.28586875988899024,-0.8605707858392398,0.4598459845984598,1.9910824156127949,54,20,4.4483961138491255,1.7387247252216858,2.4843037587282066,1.9061724495873411
liquidity,30,164,246,0.11287408304567295,-1.8409631431901743,0.003983051377075395,0.00012425827140065382,incomplete_market_data,-0.8593789983318988,-0.4194817285037973,0.27997072223228747,-0.8691167756934737,0.46094609460946095,1.991525688537697,76,30,4.249253213801254,1.732620050415282,2.609916887092296,1.9094564823582891
relative,5,163,380,0.10987639747540165,-0.7349051063172397,0.003980276698616157,0.00013757769379550857,incomplete_market_data,-0.638578562840566,-0.24583008740029444,0.3269399670865283,-0.6552735656405275,0.47194719471947194,1.9901383493080789,15,5,12.404093501521949,2.3189072780914484,2.8819714264799456,2.6139328731476477
relative,10,163,380,0.10987639747540165,-1.343444271483702,0.003978726348898128,0.0000662480183129491,incomplete_market_data,-0.8001939543992251,-0.36010410859124464,0.3057852239730628,-0.8065157738028539,0.45874587458745875,1.9893631744490643,29,10,6.417954002414637,1.9232464824112718,2.5789251378493403,2.213962750947872
relative,20,163,380,0.10987639747540165,-1.7680842538446513,0.00397742780012158,0.00007501050146667689,incomplete_market_data,-0.8620414028676628,-0.42254983423663206,0.2925393761583235,-0.8646978142905253,0.44224422442244227,1.9887139000607896,64,20,4.123331835325552,1.6470714653466045,2.3178021875571737,1.9044838689751542
relative,30,163,380,0.10987639747540165,-1.720751201488625,0.003979457870931251,0.00010510920125580092,incomplete_market_data,-0.8498217844269766,-0.40880246180030577,0.28775424373481906,-0.8506251654800319,0.43454345434543457,1.9897289354656256,92,30,4.585927186419622,1.7525645215328365,2.6573529368234,2.060513757705041
interaction,5,162,412,0.10815976662727753,-0.8528636252875182,0.003989484930759177,0.00008029428940087868,incomplete_market_data,-0.6693799282144574,-0.2642254985620097,0.31492899157383913,-0.7037848291913097,0.46204620462046203,1.9947424653795882,13,5,11.369061169499599,2.3247223882681998,2.872994757629491,2.6523955211388692
interaction,10,162,412,0.10815976662727753,-1.1585706576320445,0.003982709225438923,0.00015666299409580552,incomplete_market_data,-0.7326242462095218,-0.30628299135501635,0.2892622792314431,-0.7812672568871409,0.46424642464246424,1.9913546127194617,31,10,8.952685232701784,2.296554723199811,3.1019732208167503,2.7303902683270156
interaction,20,162,412,0.10815976662727753,-1.454926296302975,0.003984357760680625,0.00009696253985347994,incomplete_market_data,-0.7865266048819846,-0.3482583180580804,0.27583064316206984,-0.8156997756494208,0.45544554455445546,1.9921788803403124,60,20,6.965279868565057,2.1706071192511702,3.1169693883108045,2.6187133646057377
interaction,30,162,412,0.10815976662727753,-1.4729774339555228,0.003982890293539666,0.00009418158493396784,incomplete_market_data,-0.7883236422447024,-0.3497839546777829,0.27434306606274717,-0.8101918808462302,0.44884488448844884,1.991445146769833,94,30,6.887306379432971,2.1702477035147516,3.291579444816553,2.6404840692837164
"market,liquidity",5,175,309,0.11212628441978695,-0.7261936490224995,0.00398191677627289,0.00014218585578342386,incomplete_market_data,-0.6313044202238438,-0.24165236396610934,0.32401458480525575,-0.6827147122716481,0.46644664466446645,1.9909583881364452,22,5,12.683858221476319,2.352539525588523,2.852096519662182,2.5715640803930513
"market,liquidity",10,175,309,0.11212628441978695,-1.0429061752192594,0.003729214188110911,0.04089088046930195,incomplete_market_data,-0.6825475936471241,-0.27246900621363324,0.27865202202312644,-0.7117132599167588,0.45874587458745875,1.8646070940554555,35,10,8.382022927139518,2.3129482044670544,2.924852859038994,2.5300586925062793
"market,liquidity",20,175,309,0.11212628441978695,-1.3537710936050789,0.003857443061468248,0.01807473709833605,incomplete_market_data,-0.7635211440811143,-0.3295014088130943,0.27552492334245016,-0.7865407270741037,0.46864686468646866,1.9287215307341241,66,20,6.859504481544299,2.158383205051499,2.9519426340217043,2.4010746101228015
"market,liquidity",30,175,309,0.11212628441978695,-1.5138040274212297,0.003899724884678488,0.01162237793647021,incomplete_market_data,-0.7979068150005711,-0.3580818276997735,0.2751542099853381,-0.8116698587501715,0.46314631463146316,1.9498624423392439,96,30,5.98375198385952,2.042881850509071,2.960925215987845,2.290641509552892
"market,relative",5,174,498,0.11106649779450269,-1.3931035625776098,0.003960775169610096,0.00040804709722411486,incomplete_market_data,-0.8356895704496126,-0.39387718663031734,0.3286909529060262,-0.8400387418517948,0.45434543454345433,1.980387584805048,30,5,5.002747804676189,1.6316798061926496,1.7030539173858752,1.7187816396523488
"market,relative",10,174,498,0.11106649779450269,-1.2947917614686444,0.00396663114803974,0.0003735627569979797,incomplete_market_data,-0.7788140450664773,-0.3418140207133412,0.29759248336988486,-0.7802055128694039,0.44334433443344334,1.9833155740198698,50,10,7.116392368519675,2.0487254994773836,2.4660254979620064,2.265451351280422
"market,relative",20,174,498,0.11106649779450269,-1.5536654388120006,0.003969175416327469,0.00025069490440758613,incomplete_market_data,-0.8212092325995124,-0.3795177939953389,0.2877087195934504,-0.8216567198442426,0.4312431243124312,1.984587708163734,94,20,5.581915576190937,1.9083600781344725,2.5207735821245896,2.171707221530486
"market,relative",30,174,498,0.11106649779450269,-1.725437478890462,0.00397068833080331,0.00019154432229020465,incomplete_market_data,-0.8416714394639415,-0.40007682730926875,0.279841799557547,-0.842105650475577,0.43014301430143015,1.9853441654016553,136,30,4.839547009192596,1.8358078284716532,2.492560135361981,2.106572208954286
"market,interaction",5,173,444,0.1080768307491716,-1.0546762192207073,0.003979691544155251,0.0002766903106505875,incomplete_market_data,-0.7550339319749834,-0.32291494409758137,0.3289988017611421,-0.7550339319749834,0.45324532453245325,1.989845772077625,21,5,8.092388991892037,1.9807032995915625,2.3122708365330977,2.210469070197933
"market,interaction",10,173,444,0.1080768307491716,-1.1366876978508174,0.003978235318985161,0.00021491622473734803,incomplete_market_data,-0.7539667268475102,-0.322098475893414,0.3097726267847583,-0.7647348946888705,0.46534653465346537,1.9891176594925803,42,10,8.117684436493953,2.083647166640951,2.651860184076142,2.395384209432527
"market,interaction",20,173,444,0.1080768307491716,-1.3244025627991818,0.003851691228701016,0.017294238925528806,incomplete_market_data,-0.7694318317267879,-0.3341899984543464,0.2849973142259252,-0.7813680981248041,0.4521452145214521,1.925845614350508,76,20,6.623580115679583,2.066520896730906,2.766979128607806,2.397087016392431
"market,interaction",30,173,444,0.1080768307491716,-1.4922351993228822,0.003895107300302555,0.01091120697936778,incomplete_market_data,-0.7982619833636517,-0.35839477769716155,0.27879398667736666,-0.7999881995390195,0.46314631463146316,1.9475536501512778,114,30,5.941915245339349,2.0137032979434615,2.7408575893873874,2.340547624652066
"liquidity,relative",5,169,276,0.11199178296376486,-1.4875241094814182,0.003977933596400133,0.00042029601705885657,incomplete_market_data,-0.845540746586095,-0.40417772771577887,0.3209255450159131,-0.855152859474293,0.43014301430143015,1.988966798200066,11,5,4.737448643825154,1.6271926935364724,2.0373288157471103,1.7489501262931921
"liquidity,relative",10,169,276,0.11199178296376486,-1.5492380169795987,0.003981710909977683,0.0003003187584309219,incomplete_market_data,-0.8362270516484444,-0.3944274992777945,0.3015816382305055,-0.8490911017378459,0.44334433443344334,1.9908554549888418,23,10,5.103525302903359,1.767984902736112,2.530425628515087,1.9547604156500593
"liquidity,relative",20,169,276,0.11199178296376486,-1.667749545816267,0.00398411267116515,0.00016414550276653238,incomplete_market_data,-0.8456785979293414,-0.4043251932687508,0.2916773949578816,-0.8549132328699515,0.45764576457645767,1.9920563355825753,44,20,4.764912159958613,1.7639624319678566,2.7104864804862427,1.9546018447769722
"liquidity,relative",30,169,276,0.11199178296376486,-1.7254527296697217,0.003984273835646333,0.00011477609902278276,incomplete_market_data,-0.8531876667558158,-0.41250594441134714,0.2901652467315832,-0.8637615636740095,0.46534653465346537,1.9921369178231667,63,30,4.486356196088077,1.7245766266561042,2.7619113966125854,1.9153768726303304
"liquidity,interaction",5,168,268,0.11112165868024082,-1.0961540317331202,0.003988365701368434,0.00007430585534339926,incomplete_market_data,-0.7335343534839766,-0.3069384186278351,0.30283707890253087,-0.7650302603366728,0.47634763476347636,1.9941828506842165,11,5,8.969103003371636,2.2089841381075774,2.9005082523073935,2.3949677773948435
"liquidity,interaction",10,168,268,0.11112165868024082,-1.1498507759509653,0.003984006004889997,0.00025190914805328174,incomplete_market_data,-0.7360740551389071,-0.3087760207434287,0.2934435050660288,-0.764471079870425,0.46864686468646866,1.9920030024449984,26,10,8.835548008616836,2.2569342618137336,3.3143050301776054,2.497905488394121
"liquidity,interaction",20,168,268,0.11112165868024082,-1.3441359002792688,0.00398420343306687,0.00014286845552781286,incomplete_market_data,-0.7767772306889247,-0.34013931258658103,0.2868957683056773,-0.7993360849948514,0.47964796479647964,1.992101716533435,47,20,7.326308005983359,2.141767104523323,3.356200308349032,2.4032572319269048
"liquidity,interaction",30,168,268,0.11112165868024082,-1.4691098093760229,0.003986711872968518,0.00008851214266185914,incomplete_market_data,-0.8005122974160179,-0.36038691086577357,0.2842424762168088,-0.8166832407279726,0.46314631463146316,1.993355936484259,64,30,6.4617583637390865,2.052510523585299,3.3568054237418066,2.336781069251634
"relative,interaction",5,167,419,0.10957939197815125,-1.0105046103684463,0.003976515257638379,0.00008548555227012292,incomplete_market_data,-0.7389585412333919,-0.3108786589479159,0.32686600125563625,-0.7749571731285532,0.43344334433443343,1.9882576288191898,16,5,8.657929282125332,2.0413740880057905,2.5086375620915686,2.2982570702272573
"relative,interaction",10,167,419,0.10957939197815125,-1.2882375469498164,0.003980835477676357,0.00006852316114667498,incomplete_market_data,-0.7801162711381526,-0.3428905858196475,0.2997465801313693,-0.800298636886468,0.44334433443344334,1.9904177388381787,28,10,7.175993081545492,2.0452581595748787,2.800331189526059,2.3775999539436325
"relative,interaction",20,167,419,0.10957939197815125,-1.4014805269055712,0.003984089111075244,0.000057949341301770866,incomplete_market_data,-0.7894474858414664,-0.35074283164026,0.28680346827990666,-0.7992752403939131,0.45104510451045104,1.992044555537622,55,20,6.853774463511251,2.0850227765195517,3.191365914528041,2.4877386594015314
"relative,interaction",30,167,419,0.10957939197815125,-1.6517449596531701,0.0039804064065805675,0.00007611810848021276,incomplete_market_data,-0.8280934627445975,-0.3862353784425393,0.27872513550414074,-0.8335889121689395,0.4444444444444444,1.9902032032902839,87,30,5.396348534215139,1.9336992856096502,3.0780358216658192,2.298662006117338
"market,liquidity,relative",5,180,324,0.11010647409435832,-1.3388969206936279,0.003975876777300375,0.00022850607490057924,incomplete_market_data,-0.8130267615757257,-0.3717723090026255,0.31781412456326713,-0.8158353021224979,0.45654565456545654,1.9879383886501873,21,5,5.923199187919531,1.8012332688474586,2.1205405361474767,1.985765094695637
"market,liquidity,relative",10,180,324,0.11010647409435832,-1.4601574843714118,0.0039783805073769956,0.0001828950195685776,incomplete_market_data,-0.8166502406330489,-0.3751714180670157,0.2990579661832681,-0.8229188188382986,0.45434543454345433,1.9891902536884973,38,10,5.805820992000576,1.8788396436403003,2.4795617975263724,2.10649990363246
"market,liquidity,relative",20,180,324,0.11010647409435832,-1.601291536718724,0.003981343731476721,0.00014473353313577636,incomplete_market_data,-0.8354438651068038,-0.39362604876443874,0.2925304605880029,-0.8446233180897212,0.44554455445544555,1.9906718657383604,63,20,5.12805818724116,1.815836675136519,2.566544164061034,2.0366223755852
"market,liquidity,relative",30,180,324,0.11010647409435832,-1.7458736636136858,0.003979472142365727,0.00013422103417055236,incomplete_market_data,-0.8538205063943539,-0.41320909597614597,0.28784326315011943,-0.8661292750111679,0.4521452145214521,1.989736071182864,92,30,4.437247634552392,1.7260171674772755,2.50717710641784,1.9212240612206306
"market,liquidity,interaction",5,179,317,0.10978216731868677,-1.0010986308674155,0.003974299805111894,0.00031680425922853226,incomplete_market_data,-0.7213998369444105,-0.2983291284020384,0.31558980936187503,-0.7697958819797882,0.43564356435643564,1.9871499025559471,24,5,9.283102522875257,2.1563860698499973,2.7433304663055162,2.380882911965117
"market,liquidity,interaction",10,179,317,0.10978216731868677,-0.8121914920071922,0.003981330861033246,0.00022111778559708126,incomplete_market_data,-0.6348477753725568,-0.24367988718297207,0.3020101734187988,-0.6996769642946885,0.4752475247524752,1.9906654305166231,38,10,12.553908070730508,2.492518959643637,3.5532517446027323,2.8325223323562465
"market,liquidity,interaction",20,179,317,0.10978216731868677,-1.2147018794142392,0.003981630378450987,0.00024481255746975744,incomplete_market_data,-0.7534939183968126,-0.32173757058445873,0.29344893880487133,-0.7930420422459367,0.4598459845984598,1.9908151892254935,63,20,8.167412686184472,2.189267245167702,3.382864355169914,2.5050145438998075
"market,liquidity,interaction",30,179,317,0.10978216731868677,-1.406511566378469,0.003981817227530336,0.00019081692589958192,incomplete_market_data,-0.7954662156426665,-0.3559420202272606,0.2906590254030214,-0.8184388983147812,0.45434543454345433,1.9909086137651677,88,30,6.613761780375431,2.0316503635954293,3.2392614408294764,2.331111688942731
"market,relative,interaction",5,178,478,0.10835675529039981,-1.397324141253458,0.003966591366099888,0.0004132730855138053,incomplete_market_data,-0.8273639475304915,-0.38551441118188545,0.31987365074550633,-0.828696055766261,0.4367436743674367,1.9832956830499437,27,5,5.336043817050497,1.7127577382359633,1.924716584395263,1.8600627293298766
"market,relative,interaction",10,178,478,0.10835675529039981,-1.4907425801310565,0.003972466283767827,0.00030210246678342257,incomplete_market_data,-0.8221900967748015,-0.38046336178761975,0.2986082834141912,-0.825789141796325,0.45654565456545654,1.9862331418839132,45,10,5.563132234700464,1.8464693180278875,2.2703341486933413,2.067062317851548
"market,relative,interaction",20,178,478,0.10835675529039981,-1.7788724226688368,0.003973870596692251,0.00027680009859684895,incomplete_market_data,-0.8567635501941919,-0.41650834792946045,0.28596182646937063,-0.8582450219927349,0.43784378437843785,1.986935298346126,83,20,4.2998414979336745,1.7096342279388017,2.2856796922378146,1.92017116932739
"market,relative,interaction",30,178,478,0.10835675529039981,-1.7595434340921015,0.003974208409387143,0.00021973683523816585,incomplete_market_data,-0.8458672501434775,-0.40452715709596265,0.2787522112465259,-0.8469729136535921,0.4389438943894389,1.9871042046935712,120,30,4.703564998854375,1.8189300248562663,2.5899099386943916,2.080214243553368
"liquidity,relative,interaction",5,173,301,0.11164508435106354,-1.1140391789675785,0.003987109083625346,0.00007839315490179006,incomplete_market_data,-0.7628838689460052,-0.32900097495897607,0.3219244473928701,-0.8042085218838609,0.44334433443344334,1.9935545418126728,13,5,7.863978886755541,1.9949333580572295,2.682827278579765,2.2495835423818495
"liquidity,relative,interaction",10,173,301,0.11164508435106354,-1.1913428203401952,0.003983882655885187,0.00013358715498242892,incomplete_market_data,-0.7629118611821086,-0.3290229360326147,0.3053175077073498,-0.7926864920463085,0.4598459845984598,1.991941327942593,27,10,7.837737630245661,2.0838379902685173,3.0905897129285917,2.3758031763217495
"liquidity,relative,interaction",20,173,301,0.11164508435106354,-1.3982171422982717,0.003986641550819312,0.00009525608524785277,incomplete_market_data,-0.7987067779660355,-0.35878726232438063,0.29477959602068254,-0.8243201389375108,0.47084708470847086,1.9933207754096558,45,20,6.528087338269253,1.9975613392784608,3.2246682228654353,2.2816830078266586
"liquidity,relative,interaction",30,173,301,0.11164508435106354,-1.4104466655028505,0.003983400138744723,0.00010504346025321929,incomplete_market_data,-0.7963242435503708,-0.35669218639895495,0.2906984177572936,-0.8135037229463049,0.4675467546754675,1.9917000693723619,73,30,6.594203632795301,2.029753193879818,3.429532472794581,2.3217199824065387
