policy,minimum_holding_days,top_n,net_sharpe,mean_daily_cost,mean_cash_weight,evaluation_status,net_cumulative_return,net_annualized_return,net_annualized_volatility,net_max_drawdown,net_win_rate,average_turnover,delayed_exits,unsettled_positions,gross_cumulative_return,gross_sharpe,information_ratio_universe,information_ratio_hs300
m0,0,5,0.9760293915387825,0.0008023053907481948,0.012475029767280927,incomplete_market_data,1.5545939689335269,0.2969430849653467,0.3006360229653283,-0.3330546263381625,0.5302530253025303,0.40115269537409737,0,5,4.290860637555616,1.6470432178095198,2.054894838978702,1.7515854335625107
m0,0,10,0.9059893204746082,0.0008032567264546378,0.01097974842903845,incomplete_market_data,1.256919973676879,0.25315410192728227,0.27899076437809617,-0.3077691279162158,0.5478547854785478,0.4016283632273189,0,10,3.6790152153961335,1.630138366500172,2.3701939675812094,1.779780043602959
m0,0,20,0.6956951838250889,0.0008036448834439392,0.010614004146924327,incomplete_market_data,0.8012450134770521,0.17720436291848074,0.26976297370146135,-0.33544062884588144,0.5368536853685368,0.4018224417219695,0,20,2.736418103081215,1.445300372052642,2.2312618749335513,1.5942271017169938
m0,0,30,0.5707690246204521,0.0008036278304334775,0.010393624226000066,incomplete_market_data,0.5942126788583191,0.13802404455558026,0.26960676255517707,-0.3618674148400971,0.5423542354235423,0.4018139152167388,0,30,2.307233206258105,1.3208943651380805,2.0317754969784287,1.442877515638127
m5,5,5,0.7813877806751734,0.0007780937776248318,0.006255194600474665,incomplete_market_data,1.1538547091485691,0.23702029505288613,0.32400740691675384,-0.35747142390269715,0.5192519251925193,0.38904688881241584,0,5,3.3638724247921044,1.3849159201290835,1.5975121789825988,1.47583496929912
m5,5,10,0.46181970266950095,0.0007799593385185968,0.004612004963754524,incomplete_market_data,0.4500858396724736,0.10851815723849834,0.28593982034655924,-0.40647412554525386,0.528052805280528,0.3899796692592985,0,10,1.9444438918167655,1.1483104169072818,1.323834933772132,1.188674626353713
m5,5,20,0.6833934055097199,0.0007768858839401508,0.0035423453263913286,incomplete_market_data,0.7859194232961986,0.17441905767757215,0.2722904651226915,-0.39652140059134244,0.5423542354235423,0.3884429419700754,0,20,2.6154100766135753,1.4009125508618,2.1040599477038584,1.557022997162985
m5,5,30,0.5314446644722588,0.000773952525440752,0.0030214077747182854,incomplete_market_data,0.5321227945769325,0.12555964947514475,0.2681285291367533,-0.40799522295254176,0.5390539053905391,0.38697626272037594,0,30,2.0937172112070392,1.2574529554921847,1.9529094665163078,1.4075185597317021
m10,10,5,1.0287323286525094,0.0003944959924801852,0.010057006184198096,incomplete_market_data,1.767203714703395,0.32600773179895937,0.3091071366215263,-0.33591510363409227,0.5291529152915292,0.19724799624009262,0,5,2.9583577253292255,1.3495662277135978,1.4407629208655086,1.425528010305589
m10,10,10,0.8994819481949995,0.0003941822496743777,0.007948785246412097,incomplete_market_data,1.2538738884194776,0.2526849873029151,0.28120783606045,-0.3224248021787893,0.5423542354235423,0.19709112483718888,0,10,2.2232815233308094,1.2517480912395482,1.4348077981380751,1.3368484651180372
m10,10,20,0.9838529607465522,0.00039550653302147164,0.005937546837388665,incomplete_market_data,1.4079476767108456,0.2758603510136248,0.27352117905391454,-0.33011679754715884,0.5423542354235423,0.19775326651073583,0,20,2.448215000760463,1.3479068271702062,1.9377137033759544,1.5338879032188133
m10,10,30,0.8363915410829665,0.00039532772817538274,0.005172250638617547,incomplete_market_data,1.0571463473630405,0.22136591245915915,0.2677284561009097,-0.3221925496112725,0.5412541254125413,0.19766386408769135,0,30,1.9454855910091973,1.2080533356122165,1.8010908323287302,1.3644768804144372
m15,15,5,0.40520876493188224,0.0002631956228095939,0.010032096587662145,incomplete_market_data,0.3794984821575913,0.09328804100482313,0.3071783796814374,-0.43072377186937094,0.5082508250825083,0.13159781140479695,0,5,0.7517698229891379,0.6206417974987737,0.3582730795375164,0.554369880288244
m15,15,10,0.8957303638516002,0.0002631102435491468,0.00827889550475392,incomplete_market_data,1.2458949472318728,0.2514540085145136,0.28141311175440514,-0.3265508273235257,0.5368536853685368,0.1315551217745734,0,10,1.851940432849049,1.131073838589458,1.2421466051014391,1.209072934785718
m15,15,20,0.7866467240888109,0.00026393628965476614,0.006507256134170522,incomplete_market_data,0.9094463162217661,0.19639704981787132,0.2539186936359523,-0.30288423999498815,0.5445544554455446,0.13196814482738306,0,20,1.4264274393497551,1.0479516466697374,1.1497830381294365,1.1302762486855016
m15,15,30,0.7691612389501209,0.00026411829735202027,0.005850493143258146,incomplete_market_data,0.8640215676768206,0.18843790828476403,0.2495502738698087,-0.30717647447609786,0.5533553355335533,0.13205914867601015,0,30,1.3691306169829631,1.035265995224577,1.2639721840615816,1.1163494339156332
m20,20,5,1.042854001689703,0.0001974615275902951,0.013688742569001074,incomplete_market_data,1.9290469731383357,0.34706787582833876,0.32468214249631017,-0.2889504358838766,0.5247524752475248,0.09873076379514757,0,5,2.5033000615817764,1.1952124738300942,1.2164792474574146,1.2136125039656425
m20,20,10,1.2269355203201344,0.0001976091319854883,0.011272944935691627,incomplete_market_data,2.3563036811073914,0.3988891979710911,0.3008593688547435,-0.30889850653784756,0.5456545654565457,0.09880456599274416,0,10,3.0148616387558844,1.3913888531899583,1.7411527663459399,1.5020104291278098
m20,20,20,0.8951779071481956,0.0001985663825765999,0.00751302802176896,incomplete_market_data,1.1799857901729602,0.241162764871802,0.26830711463703033,-0.2983493943847002,0.5423542354235423,0.09928319128829996,0,20,1.6102585615319849,1.080726825701012,1.3897101725274086,1.1370780403637148
m20,20,30,0.9427375643423455,0.00019901605538298132,0.006096062484785396,incomplete_market_data,1.2351957092855423,0.24979837560282592,0.2597748433079807,-0.32347862467350463,0.5544554455445545,0.09950802769149067,0,30,1.6776056264286598,1.1350313003683428,1.6211697030549546,1.2309208766736346
m30,30,5,0.742706108253497,0.00013170519045652807,0.016749963860711297,incomplete_market_data,1.0401734588528493,0.21856388635268753,0.31828011640869314,-0.4259511297251316,0.5104510451045104,0.06585259522826403,0,5,1.2994876293828241,0.8469868328136041,0.6850115415557689,0.7913264861298053
m30,30,10,0.9669046564087003,0.0001324558072357065,0.012611742378788034,incomplete_market_data,1.4503771332017337,0.2820535308533936,0.28758687522548965,-0.34012654329091174,0.5291529152915292,0.06622790361785325,0,10,1.7632783499954932,1.0824877785938873,1.1634901944431433,1.0956417963350638
m30,30,20,0.7590807957117046,0.00013280292454563396,0.009151947038030015,incomplete_market_data,0.9150708870422442,0.19737301010927633,0.2697897527367646,-0.3364322170706192,0.5313531353135313,0.06640146227281699,0,20,1.160451400861307,0.8828120000666844,0.9584340611325305,0.8768486684452443
m30,30,30,0.6102121707354661,0.00013290404518373172,0.009055290059325887,incomplete_market_data,0.6505431243318793,0.1490322101611583,0.26672834441680465,-0.37762894117755497,0.5412541254125413,0.06645202259186586,0,30,0.8621272328427052,0.7353578321297,0.6938094850114028,0.6967883527377015
