column,total_count,finite_count,finite_rate,null_count,null_rate,nan_count,nan_rate,inf_count,inf_rate
f_context_market_return,11441741,11441741,1.0,0,0.0,0,0.0,0,0.0
f_context_market_median,11441741,11441741,1.0,0,0.0,0,0.0,0,0.0
f_context_advance_ratio,11441741,11441741,1.0,0,0.0,0,0.0,0,0.0
f_context_return_iqr,11441741,11441741,1.0,0,0.0,0,0.0,0,0.0
f_context_limit_up_ratio,11441741,11441741,1.0,0,0.0,0,0.0,0,0.0
f_context_limit_down_ratio,11441741,11441741,1.0,0,0.0,0,0.0,0,0.0
f_context_market_trend5,11441741,11441741,1.0,0,0.0,0,0.0,0,0.0
f_context_market_trend20,11441741,11441741,1.0,0,0.0,0,0.0,0,0.0
f_context_market_shock,11441741,11441741,1.0,0,0.0,0,0.0,0,0.0
f_context_market_amount_ratio,11441741,11441741,1.0,0,0.0,0,0.0,0,0.0
f_context_amount_concentration,11441741,11441741,1.0,0,0.0,0,0.0,0,0.0
f_context_amount_rank20,11441741,11400414,0.9963880496857952,41327,0.003611950314204805,0,0.0,0,0.0
f_context_stock_amount_ratio,11441741,11400414,0.9963880496857952,41327,0.003611950314204805,0,0.0,0,0.0
f_context_low_amount_return,11441741,11441741,1.0,0,0.0,0,0.0,0,0.0
f_context_high_amount_return,11441741,11441741,1.0,0,0.0,0,0.0,0,0.0
f_context_amount_spread,11441741,11441741,1.0,0,0.0,0,0.0,0,0.0
f_context_amount_spread5,11441741,11441741,1.0,0,0.0,0,0.0,0,0.0
f_context_relative_return,11441741,11426393,0.9986585957504195,15348,0.001341404249580549,0,0.0,0,0.0
f_context_group_relative_return,11441741,11400414,0.9963880496857952,41327,0.003611950314204805,0,0.0,0,0.0
f_context_return_rank,11441741,11426393,0.9986585957504195,15348,0.001341404249580549,0,0.0,0,0.0
f_context_relative_trend5,11441741,11380722,0.9946669829355516,61019,0.005333017064448496,0,0.0,0,0.0
f_context_relative_trend20,11441741,11278561,0.9857381844249052,163180,0.014261815575094735,0,0.0,0,0.0
f_context_shock_x_relative,11441741,11426393,0.9986585957504195,15348,0.001341404249580549,0,0.0,0,0.0
f_context_down_x_relative,11441741,11426393,0.9986585957504195,15348,0.001341404249580549,0,0.0,0,0.0
f_context_spread_x_amount_rank,11441741,11400414,0.9963880496857952,41327,0.003611950314204805,0,0.0,0,0.0
f_context_amount_x_stock_amount,11441741,11400414,0.9963880496857952,41327,0.003611950314204805,0,0.0,0,0.0
