regime,days,rankic,top10_ndcg,top20_ndcg,stage,variant
market_middle,291,0.09440831075125175,0.47502638061201385,0.47671996663271377,selection,baseline
market_down_gt1pct,90,0.0733760968421591,0.4838662656396437,0.48701727085991525,selection,baseline
market_up_gt1pct,103,0.08097963454970701,0.4641226242847014,0.4654501251289392,selection,baseline
market_middle,291,0.09804360499500456,0.4944683831289251,0.49194045807891024,selection,market
market_up_gt1pct,103,0.09692859476188163,0.4710299420819291,0.4697646075210175,selection,market
market_down_gt1pct,90,0.06388960451225638,0.48120565459939874,0.4788839860145628,selection,market
market_up_gt1pct,103,0.10561501927125122,0.48567933476461916,0.48936360703254705,selection,relative
market_middle,291,0.09752618968016083,0.49298855924828794,0.489966475386159,selection,relative
market_down_gt1pct,90,0.06883979040088276,0.48554864339857523,0.47669667465638904,selection,relative
market_up_gt1pct,103,0.12022690446813429,0.5101838943416959,0.5116494744366226,selection,all
market_middle,291,0.09866130681416602,0.49967446200188403,0.4961241036938106,selection,all
market_down_gt1pct,90,0.06722082509746502,0.46896721799668273,0.47138920730061573,selection,all
market_down_gt1pct,76,0.08481504525973564,0.49808459399787053,0.4997327809657833,confirmation,baseline
market_middle,245,0.08993011635335597,0.4667350620321772,0.46628548346961946,confirmation,baseline
market_up_gt1pct,102,0.10022677800264038,0.49769192486123287,0.49526464844393575,confirmation,baseline
market_down_gt1pct,76,0.09552771935363995,0.5068438398379461,0.5012673749233055,confirmation,all
market_middle,245,0.09225776969948227,0.4820297652061069,0.4822231629280822,confirmation,all
market_up_gt1pct,102,0.10835674205858867,0.49005908938843296,0.4912329310868847,confirmation,all
