model,minimum_holding_days,context_groups,top_n,ic_mean,rank_ic_mean,net_sharpe,mean_daily_cost,evaluation_status,days,task_id,run_id,net_cumulative_return,net_annualized_return,net_annualized_volatility,net_max_drawdown,net_win_rate,average_turnover,delayed_exits,unsettled_positions,gross_cumulative_return,gross_sharpe,information_ratio_universe,information_ratio_hs300,missing_data_orders
base,0,none,5,0.053009396872801,0.09226729196830394,0.6717781991714428,0.0003996830673008634,incomplete_market_data,909,backtest#qlib_strategy_backtest#2026100914GIao,f4a3b5ba95e344a6b8b46cc0b95e4f2f,0.7773032210212305,0.17284553714837703,0.27721773031950914,-0.3304666200172489,0.5181518151815182,0.4000081026965745,0,5,1.5548856827149038,1.0345265882020032,0.7746307597181614,1.018988736461424,185
base,0,none,10,0.053009396872801,0.09226729196830394,0.6233718228073047,0.00040043027338006393,incomplete_market_data,909,backtest#qlib_strategy_backtest#2026100914GIao,f4a3b5ba95e344a6b8b46cc0b95e4f2f,0.6385648591276234,0.14671439833813005,0.2515544585207905,-0.3745683906231022,0.5302530253025303,0.4007647185245545,0,10,1.3572141419513182,1.0240329026399548,0.7734978446342193,1.0290273567552064,185
base,0,none,20,0.053009396872801,0.09226729196830394,0.879873729242062,0.0004007413036841872,incomplete_market_data,909,backtest#qlib_strategy_backtest#2026100914GIao,f4a3b5ba95e344a6b8b46cc0b95e4f2f,1.0230339988869948,0.21571721127460752,0.24195789975290388,-0.36439374051048423,0.5588558855885588,0.4010769163464753,0,20,1.9109238928925745,1.296703950532397,1.236671595045794,1.410718712890902,185
base,0,none,30,0.053009396872801,0.09226729196830394,0.9707905387985382,0.0004009129110471892,incomplete_market_data,909,backtest#qlib_strategy_backtest#2026100914GIao,f4a3b5ba95e344a6b8b46cc0b95e4f2f,1.1508874292773852,0.2365476099370447,0.23506230136994705,-0.34920372305867375,0.5544554455445545,0.4012464016437338,0,30,2.0953099317192736,1.4000138430231166,1.4385597410189526,1.5768154600969781,185
base,10,none,5,0.053009396872801,0.09226729196830394,0.5654374584130317,0.00019600507878984833,incomplete_market_data,909,backtest#qlib_strategy_backtest#2026100914vKv8,3ade4691a5044a0eb87214733d746532,0.6749330761086687,0.15371437923080977,0.32610929641450204,-0.4000353543186289,0.49834983498349833,0.19644451660432988,0,5,1.0015177544242935,0.7170035433624466,0.4596433267918597,0.661631253583473,8
base,10,none,10,0.053009396872801,0.09226729196830394,0.9491334905025028,0.00019724262733427346,incomplete_market_data,909,backtest#qlib_strategy_backtest#2026100914vKv8,3ade4691a5044a0eb87214733d746532,1.4046308960788618,0.2753729058067922,0.2876912899623769,-0.31115356124028803,0.5313531353135313,0.19768447617963028,0,10,1.8760755950762036,1.121517536401228,1.0803364703183447,1.1953177429472817,8
base,10,none,20,0.053009396872801,0.09226729196830394,0.7416736233555199,0.0001972838429235353,incomplete_market_data,909,backtest#qlib_strategy_backtest#2026100914vKv8,3ade4691a5044a0eb87214733d746532,0.85596549021475,0.18701175790684488,0.26129853631928207,-0.3223841036462787,0.5489548954895489,0.19773274941317312,0,20,1.2201242483911021,0.9317275520387299,0.7802458734664017,0.9708484632764306,8
base,10,none,30,0.053009396872801,0.09226729196830394,0.8880160076346983,0.00019735518997568446,incomplete_market_data,909,backtest#qlib_strategy_backtest#2026100914vKv8,3ade4691a5044a0eb87214733d746532,1.0845273453795166,0.22585118038189744,0.25172871573035577,-0.31946450089480893,0.5258525852585259,0.19780533531976438,0,30,1.4937276026806376,1.085490539918535,1.0672699431079626,1.2046397237874908,8
base,15,none,5,0.053009396872801,0.09226729196830394,0.07583204131978054,0.0001311364838540924,incomplete_market_data,909,backtest#qlib_strategy_backtest#20261009144L60,b974ac23e390432681855318f3f6a085,-0.03988104215416921,-0.01121922793492336,0.30321283875948835,-0.5295877186033249,0.4961496149614962,0.13160190538653652,0,5,0.08157038636599401,0.1847541601099523,-0.29041626347871685,0.014481048985701395,136
base,15,none,10,0.053009396872801,0.09226729196830394,0.02270621476137481,0.00013137097165584106,incomplete_market_data,909,backtest#qlib_strategy_backtest#20261009144L60,b974ac23e390432681855318f3f6a085,-0.05415170310483208,-0.015315627044220292,0.25626669622326814,-0.3758923297807021,0.5093509350935094,0.1318574548642858,0,10,0.06567475842717929,0.1517900071283446,-0.4986426072169805,-0.06985836592760146,136
base,15,none,20,0.053009396872801,0.09226729196830394,0.2777994481134047,0.0001309768595847096,incomplete_market_data,909,backtest#qlib_strategy_backtest#20261009144L60,b974ac23e390432681855318f3f6a085,0.19593962771771078,0.05085588385660578,0.23941338885311,-0.3457983517024159,0.5302530253025303,0.13145634698354403,0,20,0.34698386151068816,0.41544749543160686,-0.17836900263958838,0.2704026362579939,136
base,15,none,30,0.053009396872801,0.09226729196830394,0.37495553701818163,0.00013119826400660956,incomplete_market_data,909,backtest#qlib_strategy_backtest#20261009144L60,b974ac23e390432681855318f3f6a085,0.30064374540015826,0.07559273783026588,0.23913350415221113,-0.33360918418502294,0.5159515951595159,0.13168020127785046,0,30,0.4652539544348706,0.5130520988158713,-0.016950621683859832,0.4195234732605273,136
base,20,none,5,0.053009396872801,0.09226729196830394,0.39112427267681327,0.00009694207786020141,incomplete_market_data,909,backtest#qlib_strategy_backtest#2026100914Dl72,7a98ed0848924110893f4a52c255564d,0.3627092399904097,0.08958293636614556,0.3201906703841939,-0.46207942400136626,0.5005500550055005,0.09745169711082657,0,5,0.4880715745808566,0.4672971612351078,0.10539656334807808,0.3616519602301172,63
base,20,none,10,0.053009396872801,0.09226729196830394,0.6118779680996872,0.00009820445614376471,incomplete_market_data,909,backtest#qlib_strategy_backtest#2026100914Dl72,7a98ed0848924110893f4a52c255564d,0.6758744535515036,0.153894106137747,0.2781795058195683,-0.3159734372813865,0.5291529152915292,0.09869487767640543,0,10,0.8319974582843681,0.7004601407356098,0.38949460797442076,0.6422633670747773,63
base,20,none,20,0.053009396872801,0.09226729196830394,0.7196146214779793,0.00009865542943665079,incomplete_market_data,909,backtest#qlib_strategy_backtest#2026100914Dl72,7a98ed0848924110893f4a52c255564d,0.817849747497877,0.18020287672156554,0.26153506766587087,-0.2975010276374751,0.5302530253025303,0.09914908255802271,0,20,0.9881370812357828,0.8144076716382102,0.5900495379313768,0.8132198069495613,63
base,20,none,30,0.053009396872801,0.09226729196830394,0.7278264733759501,0.0000985789737943349,incomplete_market_data,909,backtest#qlib_strategy_backtest#2026100914Dl72,7a98ed0848924110893f4a52c255564d,0.7991489522089497,0.17682443393824343,0.2509868340125023,-0.3121353199729394,0.5302530253025303,0.09907310494492727,0,30,0.9676385663396143,0.8266616310197151,0.6054880915076905,0.8490987638779843,63
base,30,none,5,0.053009396872801,0.09226729196830394,0.07804860657009881,0.00006520826797885975,incomplete_market_data,909,backtest#qlib_strategy_backtest#2026100914kWd9,29226dab736048a9ad2940ffaac848d0,-0.03895857534821723,-0.010955951713468415,0.3051255523593962,-0.46670869549637706,0.49724972497249725,0.06572930778895114,0,5,0.019761659692924205,0.1319075727887565,-0.3902990008273269,-0.048447656923105334,0
base,30,none,10,0.053009396872801,0.09226729196830394,0.07604423258097037,0.00006574820786593265,incomplete_market_data,909,backtest#qlib_strategy_backtest#2026100914kWd9,29226dab736048a9ad2940ffaac848d0,-0.009877641947042992,-0.0027481869591224894,0.26155928877139356,-0.36177490001448764,0.5159515951595159,0.06624467664813155,0,10,0.05106596830323129,0.13936303539276634,-0.5333024144519528,-0.08038707707089657,0
base,30,none,20,0.053009396872801,0.09226729196830394,0.2792072694289755,0.00006583622263860037,incomplete_market_data,909,backtest#qlib_strategy_backtest#2026100914kWd9,29226dab736048a9ad2940ffaac848d0,0.19698868423799998,0.051111349101434556,0.23793702984508158,-0.38869035499798066,0.5335533553355336,0.06634796958301023,0,20,0.27074749633186235,0.3488540135923334,-0.31076667799615393,0.1743579258492885,0
base,30,none,30,0.053009396872801,0.09226729196830394,0.18977518988776945,0.0000659699621885497,incomplete_market_data,909,backtest#qlib_strategy_backtest#2026100914kWd9,29226dab736048a9ad2940ffaac848d0,0.10902640184293788,0.02910369253453493,0.23585126652259777,-0.4363024235234606,0.5137513751375138,0.06648502633078945,0,30,0.17750055817091437,0.2601859267035389,-0.5418084963802937,0.05181744840386972,0
base,5,none,5,0.053009396872801,0.09226729196830394,0.7401930068113298,0.0003891417739910235,incomplete_market_data,909,backtest#qlib_strategy_backtest#2026100914YMdR,f8e289ac01044120bfbdb5d3faae92e1,1.0288916018933372,0.21669204839201317,0.3169850717122989,-0.34930836087777895,0.5258525852585259,0.38950371430061703,0,5,1.8883382145172494,1.048816464299102,0.8867130229381107,1.044755606738274,187
base,5,none,10,0.053009396872801,0.09226729196830394,0.6610740085406868,0.0003886229069045291,incomplete_market_data,909,backtest#qlib_strategy_backtest#2026100914YMdR,f8e289ac01044120bfbdb5d3faae92e1,0.7704218735112811,0.1715848769612316,0.28199218838660844,-0.36188185186064237,0.5379537953795379,0.3889750996072617,0,10,1.5195107993934593,1.00776766379274,0.8788143319881352,1.0416029075928972,187
base,5,none,20,0.053009396872801,0.09226729196830394,0.5526338653575876,0.0003877134553496876,incomplete_market_data,909,backtest#qlib_strategy_backtest#2026100914YMdR,f8e289ac01044120bfbdb5d3faae92e1,0.5576245138239224,0.1307224537134244,0.2639500256265302,-0.357098288344622,0.5390539053905391,0.3880681769477221,0,20,1.2149729150855406,0.9222104915752113,0.7628366349821007,0.950400747118228,187
base,5,none,30,0.053009396872801,0.09226729196830394,0.6879960837395124,0.0003881897408220624,incomplete_market_data,909,backtest#qlib_strategy_backtest#2026100914YMdR,f8e289ac01044120bfbdb5d3faae92e1,0.751127304610208,0.1680311293956871,0.25631389720793374,-0.33283662180776463,0.5357535753575358,0.3885405491707245,0,30,1.4911252516035356,1.0689900243549624,1.062215984742813,1.173742962127195,187
factor,0,liquidity,5,0.054848140401919564,0.09760568864474668,0.44705756151135295,0.0004002708844027305,incomplete_market_data,909,backtest#qlib_strategy_backtest#20261009147qyv,a98a742c98774d6abfb5aebd61ecc34e,0.4171528754205316,0.10148073973802063,0.27397014370551565,-0.346010875444155,0.5379537953795379,0.40060796732194864,0,5,1.0384553784985182,0.8147928154908413,0.6167107402158243,0.7331712770754294,20
factor,0,liquidity,10,0.054848140401919564,0.09760568864474668,0.721159206793902,0.000400865763304862,incomplete_market_data,909,backtest#qlib_strategy_backtest#20261009147qyv,a98a742c98774d6abfb5aebd61ecc34e,0.8268547935794126,0.1818207530584388,0.26365753645009915,-0.33883561503521453,0.5478547854785478,0.4012007456661324,0,10,1.6289937131619285,1.1037865598393262,1.199591021156759,1.082363868685991,20
factor,0,liquidity,20,0.054848140401919564,0.09760568864474668,0.7159282624562843,0.0004009921995584779,incomplete_market_data,909,backtest#qlib_strategy_backtest#20261009147qyv,a98a742c98774d6abfb5aebd61ecc34e,0.8139014181922826,0.17949167976595826,0.2623275386812292,-0.3559869668828637,0.5500550055005501,0.40133168116752066,0,20,1.610684556310587,1.1006607119274934,1.3567431919460784,1.1312608006087694,20
factor,0,liquidity,30,0.054848140401919564,0.09760568864474668,0.7628390821994605,0.00040108949508972094,incomplete_market_data,909,backtest#qlib_strategy_backtest#20261009147qyv,a98a742c98774d6abfb5aebd61ecc34e,0.884710395645482,0.19208010752763371,0.2590862122125382,-0.3236457120475491,0.5478547854785478,0.40143162127296295,0,30,1.7128139759431646,1.1524887836799351,1.5348329176434874,1.204006413738088,20
factor,10,liquidity,5,0.054848140401919564,0.09760568864474668,0.3355335773371597,0.00019631505272253025,incomplete_market_data,909,backtest#qlib_strategy_backtest#2026100914NUkh,5418fa3883c6463dbc4f07af4c23ed94,0.276957651955406,0.07012637453027581,0.3021330101033122,-0.42693974397210177,0.5236523652365237,0.19676401211599004,0,5,0.5262536440678438,0.49914652535200327,0.1379529070100218,0.3834402007915723,25
factor,10,liquidity,10,0.054848140401919564,0.09760568864474668,0.7890140592760382,0.0001966935138850461,incomplete_market_data,909,backtest#qlib_strategy_backtest#2026100914NUkh,5418fa3883c6463dbc4f07af4c23ed94,0.9802519716182772,0.20853473138646983,0.2719954507873949,-0.33803273981746673,0.5434543454345434,0.19713728697592248,0,10,1.3672676217456154,0.9706820203951264,0.9439701568723521,0.9565323087068203,25
factor,10,liquidity,20,0.054848140401919564,0.09760568864474668,0.7627192320010177,0.00019686831289390168,incomplete_market_data,909,backtest#qlib_strategy_backtest#2026100914NUkh,5418fa3883c6463dbc4f07af4c23ed94,0.89308034635959,0.19354540090289896,0.26120166860201155,-0.3467672040203761,0.5456545654565457,0.1973157431368542,0,20,1.2637373561813017,0.9525724734626877,1.050062454253424,0.9715456587218867,25
factor,10,liquidity,30,0.054848140401919564,0.09760568864474668,0.6422915703306361,0.0001967704615142702,incomplete_market_data,909,backtest#qlib_strategy_backtest#2026100914NUkh,5418fa3883c6463dbc4f07af4c23ed94,0.693289763507817,0.15720593588427878,0.26264234725630753,-0.3421598377228928,0.5445544554455446,0.19721819291640022,0,30,1.0246871580023513,0.8310215921359558,0.912409669266956,0.8388604794098224,25
factor,15,liquidity,5,0.054848140401919564,0.09760568864474668,0.2414022038933104,0.00013109549667157305,incomplete_market_data,909,backtest#qlib_strategy_backtest#2026100914l310,c4e6298d96f548c18660a0388ca9989e,0.15724431913294334,0.041317541284697334,0.26891633604630133,-0.39997832509607956,0.5302530253025303,0.13158954736247552,0,5,0.3035517150967755,0.3641001782415442,-0.14540658908412504,0.1991166072252861,14
factor,15,liquidity,10,0.054848140401919564,0.09760568864474668,0.4546350946943183,0.00013098390552368673,incomplete_market_data,909,backtest#qlib_strategy_backtest#2026100914l310,c4e6298d96f548c18660a0388ca9989e,0.4055810567944791,0.09897990965991244,0.25049252161645513,-0.39147675766990775,0.517051705170517,0.13145706750250566,0,10,0.5831445329516087,0.5862374485269082,0.14949836154416787,0.46264722881240505,14
factor,15,liquidity,20,0.054848140401919564,0.09760568864474668,0.6578982101009276,0.00013168433825806513,incomplete_market_data,909,backtest#qlib_strategy_backtest#2026100914l310,c4e6298d96f548c18660a0388ca9989e,0.6562627617998904,0.15013468161913002,0.23747039198299508,-0.28621009841233125,0.5445544554455446,0.13216117993240029,0,20,0.8664646353536432,0.7970275906386064,0.5856541082798854,0.7502313582623747,14
factor,15,liquidity,30,0.054848140401919564,0.09760568864474668,0.6512874513928986,0.0001317831332691699,incomplete_market_data,909,backtest#qlib_strategy_backtest#2026100914l310,c4e6298d96f548c18660a0388ca9989e,0.6526377008686504,0.14943626391703702,0.2399129346127412,-0.26987931423258327,0.5434543454345434,0.1322620976479289,0,30,0.8626495469305668,0.7893214498011086,0.6397469007963554,0.758743221504609,14
factor,20,liquidity,5,0.054848140401919564,0.09760568864474668,0.7192000983798387,0.00009851143455317656,incomplete_market_data,909,backtest#qlib_strategy_backtest#2026100914dD1D,b26f8010875c49f1b40f4938d05e6dba,0.9523077751068811,0.20378253774799027,0.30698088187617434,-0.3804672557932156,0.5236523652365237,0.09897872407273983,0,5,1.1346545898720097,0.7995811302871292,0.613068570085627,0.7233836299090196,4
factor,20,liquidity,10,0.054848140401919564,0.09760568864474668,0.5937340970714102,0.00009805929702731041,incomplete_market_data,909,backtest#qlib_strategy_backtest#2026100914dD1D,b26f8010875c49f1b40f4938d05e6dba,0.656580939022958,0.15019593006289034,0.28366895633860567,-0.39523330351495123,0.5346534653465347,0.09854542509452648,0,10,0.8107004527394257,0.6805126045058365,0.43546133833995515,0.5928400319369169,4
factor,20,liquidity,20,0.054848140401919564,0.09760568864474668,0.8281591727466645,0.00009873628836905744,incomplete_market_data,909,backtest#qlib_strategy_backtest#2026100914dD1D,b26f8010875c49f1b40f4938d05e6dba,1.0240645090480642,0.21588885913256162,0.2639839706654645,-0.36015008935827075,0.5302530253025303,0.09923345164254474,0,20,1.2136857896491424,0.9219023235466605,0.9998244954272327,0.9115854295838348,4
factor,20,liquidity,30,0.054848140401919564,0.09760568864474668,0.8830691564551872,0.00009866451884642335,incomplete_market_data,909,backtest#qlib_strategy_backtest#2026100914dD1D,b26f8010875c49f1b40f4938d05e6dba,1.1569696356410306,0.2375159940383853,0.26915608204718133,-0.3479575815116487,0.5401540154015402,0.09915253406998524,0,30,1.3589792810422519,0.9750910111343791,1.235876823021808,0.9952901813276316,4
factor,30,liquidity,5,0.054848140401919564,0.09760568864474668,0.6782681928246367,0.0000656165508663214,incomplete_market_data,909,backtest#qlib_strategy_backtest#20261009146kXv,ac56687b75484b37b54fb0c0e238b1f7,0.8648086267035695,0.18857700064181904,0.3060560623482508,-0.41083386964097446,0.5148514851485149,0.06611688408627657,0,5,0.9793228509050598,0.732256482305102,0.48872804854087426,0.6344131441997093,0
factor,30,liquidity,10,0.054848140401919564,0.09760568864474668,0.4504142215509698,0.00006571759275947068,incomplete_market_data,909,backtest#qlib_strategy_backtest#20261009146kXv,ac56687b75484b37b54fb0c0e238b1f7,0.4181570727857218,0.10169706376437637,0.2692345404723666,-0.4367985576835307,0.5236523652365237,0.06622749170556722,0,10,0.5054552123529472,0.5119539393556112,0.08622404688939381,0.37963183771726666,0
factor,30,liquidity,20,0.054848140401919564,0.09760568864474668,0.48421873178845193,0.00006593491273578122,incomplete_market_data,909,backtest#qlib_strategy_backtest#20261009146kXv,ac56687b75484b37b54fb0c0e238b1f7,0.4561456945807161,0.10980046768187379,0.2616926544469243,-0.4184669446859942,0.5379537953795379,0.0664534878998164,0,20,0.5460271130988248,0.5476563086093044,0.16442836588804682,0.42727036049775874,0
factor,30,liquidity,30,0.054848140401919564,0.09760568864474668,0.37384396097689,0.00006606081244434204,incomplete_market_data,909,backtest#qlib_strategy_backtest#20261009146kXv,ac56687b75484b37b54fb0c0e238b1f7,0.31349206839384514,0.07852787363929825,0.2644868414515563,-0.4097195066342191,0.5368536853685368,0.0665755878563868,0,30,0.3947370868556841,0.43674141384318144,-0.09569722838526586,0.30241546261237817,0
factor,5,liquidity,5,0.054848140401919564,0.09760568864474668,0.4720600662835976,0.000390119740073393,incomplete_market_data,909,backtest#qlib_strategy_backtest#2026100914CeJS,6390deb19d014a56a69eb96d3027c0be,0.4759900528782217,0.11397287102827658,0.2974374744654359,-0.4757434045189959,0.5148514851485149,0.3904707643024708,0,5,1.1035892804812546,0.8022262478915939,0.594142763098107,0.7309445578645537,40
factor,5,liquidity,10,0.054848140401919564,0.09760568864474668,0.8087217457242613,0.0003877818422662844,incomplete_market_data,909,backtest#qlib_strategy_backtest#2026100914CeJS,6390deb19d014a56a69eb96d3027c0be,1.0029785504305915,0.2123640037179142,0.26795887620479075,-0.3479233391509232,0.5357535753575358,0.38813585518352745,0,10,1.8483647293772743,1.172976091964556,1.2839264391369145,1.2013350507269775,40
factor,5,liquidity,20,0.054848140401919564,0.09760568864474668,0.6551737314540441,0.00038622283767643394,incomplete_market_data,909,backtest#qlib_strategy_backtest#2026100914CeJS,6390deb19d014a56a69eb96d3027c0be,0.701786081490213,0.15881273220032321,0.2578406243630889,-0.3303023647531199,0.5500550055005501,0.3865821232313422,0,20,1.416767626677752,1.0322375661588112,1.2120681219174751,1.0701892032984845,40
factor,5,liquidity,30,0.054848140401919564,0.09760568864474668,0.7565303470864156,0.00038506901330067993,incomplete_market_data,909,backtest#qlib_strategy_backtest#2026100914CeJS,6390deb19d014a56a69eb96d3027c0be,0.8717965732424311,0.18981008282453726,0.258505628196829,-0.3018224448156801,0.5610561056105611,0.3854303343359829,0,30,1.655275538874704,1.1313797055297223,1.5400285387952308,1.2042598651167924,40
