model,minimum_holding_days,context_groups,year,top_n,rank_ic_mean,net_cumulative_return,net_annualized_return,net_annualized_volatility,net_max_drawdown,net_win_rate,average_turnover,delayed_exits,unsettled_positions,gross_cumulative_return,gross_sharpe,information_ratio_universe,information_ratio_hs300
base,0,none,2023,5,0.09057528752215178,0.054844474084837946,0.05717438506297934,0.17929472912822317,-0.16285630544334062,0.5,0.40179046795703477,0,5,0.16198039429600364,0.8943535122169359,0.8569098568687704,1.6666348880800055
base,0,none,2023,10,0.09057528752215178,0.01159868139050424,0.01208084946805199,0.15861953181689015,-0.11662602097956043,0.5330578512396694,0.4024625506056421,0,10,0.11455166535548478,0.7156267492749522,0.6644918583366001,1.5716445103533154
base,0,none,2023,20,0.09057528752215178,0.03580271258502177,0.037309431972513796,0.14061162043177008,-0.12293491094240971,0.5371900826446281,0.4029144599384209,0,20,0.14132977115927936,0.9639959429734277,1.0811208555741285,1.9674854579562582
base,0,none,2023,30,0.09057528752215178,0.035883541199537294,0.03739372318333656,0.1327623095409059,-0.09901429163007558,0.5495867768595041,0.4029630187331713,0,30,0.14143104463208145,1.013640561477047,1.1520223744068596,2.084421291880957
base,0,none,2024,5,0.09145160812888418,0.1037589099628875,0.10827078365862786,0.3165548745688292,-0.2549716211591899,0.49173553719008267,0.3983428244764454,0,5,0.21541894179661147,0.762412859281934,0.6242458567946687,0.19988355420979526
base,0,none,2024,10,0.09145160812888418,0.13161219549035552,0.1374086562526362,0.2857829089877442,-0.2221944966813144,0.48760330578512395,0.39923325859863074,0,10,0.24636113940371973,0.9033025669128752,0.8405303509366976,0.30370840030351604
base,0,none,2024,20,0.09145160812888418,0.29601925681298535,0.309980468290854,0.29199811283572563,-0.2204626057107285,0.5289256198347108,0.3997294528373882,0,20,0.4275324112483945,1.375182333211607,1.7193835425739976,0.9599611054104389
base,0,none,2024,30,0.09145160812888418,0.2923753016341799,0.3061452833210989,0.2779689073833088,-0.19949661938396868,0.49586776859504134,0.4000758408544848,0,30,0.42365076788412903,1.4193535597028186,1.831295793194107,1.0042342600596161
base,0,none,2025,5,0.10366462741901344,0.40076870896568195,0.4183630558596789,0.24142645434517704,-0.1485598234429466,0.5308641975308642,0.40009688918925057,0,5,0.5436050114961197,1.9385889783221617,0.6819544458236162,1.4178809331578341
base,0,none,2025,10,0.10366462741901344,0.43681224808262487,0.4562289207419872,0.2016116231250492,-0.12603721060622186,0.5925925925925926,0.40087280223110766,0,10,0.5836100385335286,2.40926408637245,1.1021661070456716,1.9048314996398399
base,0,none,2025,20,0.10366462741901344,0.4688496777472162,0.48991570733240963,0.1748249509807706,-0.10098590385698947,0.6419753086419753,0.40097361083139615,0,20,0.6189652534645576,2.8797601259855896,1.410350834350806,2.407433594158967
base,0,none,2025,30,0.10366462741901344,0.5545212036011615,0.580130013939983,0.1775902318963712,-0.11722190129623067,0.6255144032921811,0.40123201180687346,0,30,0.7134596288547497,3.1694329326662487,2.1722380944458344,2.889056422740337
base,0,none,2026,5,0.0803187176621492,0.08976396165003209,0.12639593160191964,0.3620670753161253,-0.3304666200172488,0.5604395604395604,0.3997338709301985,0,5,0.171953801005869,0.7548951942157826,1.1001697578759302,1.3152894071393866
base,0,none,2026,10,0.0803187176621492,-0.003774299537863679,-0.005222157128011551,0.34700981307172934,-0.37456839062310243,0.5,0.40039918884190556,0,10,0.07153580438163498,0.4145495985113975,0.6530830498656521,0.9698965998260898
base,0,none,2026,20,0.0803187176621492,0.025976304653565263,0.03614591565013803,0.335409026354739,-0.3643937405104837,0.5164835164835165,0.40056320129214806,0,20,0.10356063300106588,0.5384866449448363,0.8844534030970774,1.1650971426449381
base,0,none,2026,30,0.0803187176621492,0.03352610055288663,0.04671801352575744,0.32875152988083983,-0.3492037230586733,0.5439560439560439,0.4005395395872033,0,30,0.11167315367156161,0.5735054089293098,0.967402707284292,1.2522033517380808
base,10,none,2023,5,0.09057528752215178,0.16553367231618465,0.1729345647481828,0.22507335232448142,-0.139540867804813,0.4834710743801653,0.1951966176130417,0,5,0.22133783554644482,0.9845962462703647,1.022145664262748,1.5749722758351812
base,10,none,2023,10,0.09057528752215178,0.18474857035631365,0.19307734196718518,0.17379186803838145,-0.10076777458367603,0.5206611570247934,0.19614084929480194,0,10,0.24171740408282294,1.3157821777800673,1.5234270065410647,2.111714462057078
base,10,none,2023,20,0.09057528752215178,0.11086762587691545,0.11570449449966369,0.16004602541836715,-0.12890599064831332,0.5578512396694215,0.19566007637219238,0,20,0.16418447559890392,0.9954019733187449,1.177472444109641,1.8877712509843654
base,10,none,2023,30,0.09057528752215178,0.10355065582648848,0.10805303836343572,0.14929782084317023,-0.11018927046758775,0.5082644628099173,0.19618721159789257,0,30,0.15666617485688228,1.0109878556124452,1.2666175441245369,2.0342342708023544
base,10,none,2024,5,0.09145160812888418,-0.05833267524537644,-0.06066850247126998,0.36894995609517667,-0.29739988436981846,0.4669421487603306,0.19729865194031498,0,5,-0.01225896731795173,0.11701346046763872,-0.1418467103847173,-0.4610036177473853
base,10,none,2024,10,0.09145160812888418,0.047250469501595393,0.04925029364761757,0.34243528026269804,-0.270810911851308,0.48760330578512395,0.19855516050623429,0,10,0.09876409492786298,0.4227613084878796,0.32548754598013135,-0.1618297639387112
base,10,none,2024,20,0.09145160812888418,0.09439132137378237,0.09847795225324929,0.31035221954021985,-0.23531915471264275,0.5247933884297521,0.1990401458444823,0,20,0.14834709334441398,0.5803865814118334,0.5989208057616862,-0.03272037354243395
base,10,none,2024,30,0.09145160812888418,0.20891086401254122,0.21842556494000398,0.3044633694936005,-0.20523859798042277,0.5165289256198347,0.19931168373388583,0,30,0.2685963933767954,0.9263749036203629,1.3055049234094926,0.4378041452445252
base,10,none,2025,5,0.10366462741901344,0.45856130782201143,0.4790946743337865,0.309772357910108,-0.2259359257620127,0.551440329218107,0.19686321502068693,0,5,0.5299262713516057,1.541436222481552,0.5790186518081234,1.0967928997679133
base,10,none,2025,10,0.10366462741901344,0.472888217899744,0.4941641045050893,0.25176899897334054,-0.1627635159834132,0.5802469135802469,0.19905788014127038,0,10,0.5457031835718502,1.8736067447587061,0.8529776832794987,1.4304076085095034
base,10,none,2025,20,0.10366462741901344,0.4183444397400029,0.43682294687857537,0.21731481545479264,-0.14735996759463676,0.5925925925925926,0.19955580904127654,0,20,0.48869561406298256,1.9535955944467789,0.7021633321076565,1.4697063636697956
base,10,none,2025,30,0.10366462741901344,0.36267492856844163,0.37838251969486003,0.20535651090760196,-0.14057054449394568,0.5761316872427984,0.1986050523144771,0,30,0.4299924342132184,1.8529142248570911,0.3506406389619176,1.2970974274707552
base,10,none,2026,5,0.0803187176621492,0.04628607330329171,0.06465355344779455,0.39494158513306854,-0.4000353543186287,0.489010989010989,0.19640906105162975,0,5,0.08445126032107364,0.45117744791742964,0.6501104350859225,0.92221301282642
base,10,none,2026,10,0.0803187176621492,0.3158363442064358,0.4623413271720407,0.36560295000516074,-0.31115356124028803,0.5384615384615384,0.19674554725881568,0,10,0.363788324067835,1.3265644581423428,1.8847285052361133,2.1249927059799685
base,10,none,2026,20,0.0803187176621492,0.07634930705839582,0.10724299538662874,0.3417317921140801,-0.32238410364627856,0.510989010989011,0.19631622990719177,0,20,0.11551751144038236,0.5784956306099003,0.9112862820715573,1.2298825960076418
base,10,none,2026,30,0.0803187176621492,0.146644461093423,0.20860948897768683,0.32902551279415426,-0.31946450089480916,0.4945054945054945,0.19688620562064563,0,30,0.1884577990217371,0.8543574342410465,1.376030235941865,1.6296124728450838
base,15,none,2023,5,0.09057528752215178,0.008859826022767914,0.009227618621801437,0.22443152526232057,-0.15599092107594004,0.47520661157024796,0.13008278950989774,0,5,0.04061204727613643,0.24284880849571797,0.05218516997889657,0.7293673117311676
base,15,none,2023,10,0.09057528752215178,0.045580981613659866,0.047508556273094804,0.17511923585907244,-0.12058482520379366,0.5165289256198347,0.1304221678565914,0,10,0.07857513306811414,0.46882968590126595,0.2900897890035854,1.1233912446556282
base,15,none,2023,20,0.09057528752215178,-0.06920852777979514,-0.07196297199214052,0.16132534396845982,-0.19282648280324133,0.49586776859504134,0.13025867025754437,0,20,-0.039863566410676676,-0.25596654399229674,-0.846715666402762,0.4209888976274507
base,15,none,2023,30,0.09057528752215178,-0.07024605110004267,-0.07304014619788834,0.15185577748988272,-0.16767629566579834,0.49173553719008267,0.1303618782587648,0,30,-0.040898753633740625,-0.28923287337260256,-1.0115954014228403,0.44174717301110755
base,15,none,2024,5,0.09145160812888418,-0.01166050811418018,-0.01213941100002991,0.33115574274077436,-0.22775925542813458,0.4793388429752066,0.13438566189635412,0,5,0.02095349398638513,0.19514755954634685,-0.057251611166099024,-0.5055035068246649
base,15,none,2024,10,0.09145160812888418,-0.07563809567344681,-0.0786374567595991,0.307876203117716,-0.2357975109267164,0.45454545454545453,0.13490520734086536,0,10,-0.045027775868723974,-0.03933794922755191,-0.43096627450218783,-0.9490039064165894
base,15,none,2024,20,0.09145160812888418,-0.050734786414013855,-0.05277496451950081,0.2902204514477442,-0.2566747640226624,0.5206611570247934,0.13385660647762762,0,20,-0.019522341022603085,0.03374592586749467,-0.405549113054414,-0.8983572934751257
base,15,none,2024,30,0.09145160812888418,-0.019966803063927174,-0.020783244876229068,0.28751844019517053,-0.25429354887148525,0.49173553719008267,0.1332946906535974,0,30,0.01211789033248234,0.14548747042272608,-0.23894806700135093,-0.7841717671129692
base,15,none,2025,5,0.10366462741901344,0.40001107304686556,0.4175674985849127,0.2675242261278406,-0.17695359340391914,0.5720164609053497,0.131528492379463,0,5,0.445535188296623,1.520383376592529,0.3159229633375713,0.9837848177012304
base,15,none,2025,10,0.10366462741901344,0.21304981692499814,0.22175817258658537,0.2227411279058136,-0.164017752299086,0.5761316872427984,0.13196075380559194,0,10,0.2525938424592449,1.1088816749948547,-0.7446625834096507,0.29819037052496167
base,15,none,2025,20,0.10366462741901344,0.366117357062947,0.38199376497037285,0.20660506853272376,-0.13633813690067842,0.588477366255144,0.13086371217103362,0,20,0.4102451644882228,1.774104147565728,0.16584662593604432,1.1511116628445597
base,15,none,2025,30,0.10366462741901344,0.4255974755254852,0.4444433279590372,0.20703034403453466,-0.1347951249712348,0.5761316872427984,0.13210176258472892,0,30,0.4721053886467814,1.986751193566712,0.6174379160386538,1.4978431643305838
base,15,none,2026,5,0.0803187176621492,-0.31220882838486397,-0.40442027687073856,0.3884315912628919,-0.5295877186033244,0.44505494505494503,0.13001836872439138,0,5,-0.2957427761514373,-1.0839905801725969,-1.4177373024162503,-0.9345741719120664
base,15,none,2026,10,0.0803187176621492,-0.19324226908332054,-0.2571944993709113,0.30909076432412136,-0.3758923297807014,0.4835164835164835,0.12957548625874948,0,10,-0.1740129024587722,-0.7380123564623434,-1.0914740982948397,-0.4616447291475997
base,15,none,2026,20,0.0803187176621492,-0.009210750962856729,-0.012730714664092035,0.2883292288118668,-0.30095020609043166,0.510989010989011,0.13064857351960843,0,20,0.014605286672038309,0.17269237826820164,0.32423509078593254,0.8043685706982636
base,15,none,2026,30,0.0803187176621492,0.0012732660516887595,0.0017634153333745406,0.296909419379829,-0.3095717560655422,0.5,0.13072354382794127,0,30,0.025364890651190963,0.22547140828718226,0.43342174432960834,0.8753393471683755
base,20,none,2023,5,0.09057528752215178,-0.01115324918589422,-0.01161144131189873,0.2084874896935639,-0.15509161374363023,0.49173553719008267,0.09686022017427658,0,5,0.01183652168516991,0.1049125707112959,-0.12781884119940834,0.6309187366548793
base,20,none,2023,10,0.09057528752215178,0.1852030512874694,0.19355393390044484,0.1728535159669576,-0.1093849753235916,0.5289256198347108,0.09742724936839812,0,10,0.21288550321898891,1.1805893882348664,1.1133810763475092,1.8363096815129127
base,20,none,2023,20,0.09057528752215178,-0.007450768512840544,-0.007757454276610898,0.15227173098682026,-0.1366778095238279,0.49586776859504134,0.0977903159855783,0,20,0.015822442472342546,0.10488502276738759,-0.2579063715612678,0.8456150929623221
base,20,none,2023,30,0.09057528752215178,-0.001265227173420591,-0.001317474833005261,0.14316148668886733,-0.15394573308149717,0.4793388429752066,0.09762558116931862,0,30,0.022115465536385326,0.14711323094013212,-0.2477513166181985,0.984730073580808
base,20,none,2024,5,0.09145160812888418,-0.3055920186831701,-0.31597833568747724,0.3698531133888548,-0.37850407007915654,0.4628099173553719,0.0988871853635238,0,5,-0.28880159607214284,-0.8057576756784494,-1.4950576905630117,-1.6237604615503478
base,20,none,2024,10,0.09145160812888418,-0.1408871820342218,-0.1462612372689822,0.3213421736123584,-0.23880452779305772,0.4793388429752066,0.10064470256822595,0,10,-0.11975676276878,-0.2885386212420307,-0.8910652615408163,-1.1224465331112796
base,20,none,2024,20,0.09145160812888418,-0.0306863392388127,-0.03193390851952038,0.31043331647480316,-0.2578854295779952,0.48760330578512395,0.1008890056153747,0,20,-0.00675686476783266,0.094368410523515,-0.3168375866610975,-0.7045729018817175
base,20,none,2024,30,0.09145160812888418,0.008130977382880156,0.008468386914287862,0.29193616923439436,-0.25954999002716783,0.5247933884297521,0.10039897752402369,0,30,0.03292220591467254,0.2209157642666007,-0.10753714820774217,-0.5928234456365884
base,20,none,2025,5,0.10366462741901344,0.7638835124052981,0.8013512929343571,0.28855610365485584,-0.1515359977916283,0.51440329218107,0.09727302866324619,0,5,0.8059159880079205,2.228120803363662,1.4631435797920191,1.8806255406398054
base,20,none,2025,10,0.10366462741901344,0.6214154683311137,0.6507000911996086,0.23464212301739426,-0.13959107623621392,0.5925925925925926,0.09791597823304687,0,10,0.6603027023915886,2.307626006290785,1.4632134295622166,1.9528819223123592
base,20,none,2025,20,0.10366462741901344,0.6465757949773476,0.677271132252375,0.2167893566244374,-0.14181026494975235,0.6090534979423868,0.09941360761012093,0,20,0.6867288323958676,2.5550372769026417,1.979034131915435,2.322217138966046
base,20,none,2025,30,0.10366462741901344,0.5635780286361576,0.5896780309467011,0.21393312335227468,-0.16040524147257795,0.5802469135802469,0.09996729413166122,0,30,0.6019449943244206,2.3373278241113336,1.7322172643791265,2.1572608583655843
base,20,none,2026,5,0.0803187176621492,0.12509606369219917,0.1772749818207615,0.40059352937378023,-0.3447763482852414,0.5439560439560439,0.0965679921342024,0,5,0.1450518522715445,0.6387475773934503,0.8721421704235011,1.1031395147993557
base,20,none,2026,10,0.0803187176621492,0.015089204923708577,0.02095318470797669,0.3690490043159083,-0.3159734372813864,0.510989010989011,0.09882774026680836,0,10,0.03351096734446224,0.27632649725597336,0.44180817334422556,0.7553201544546442
base,20,none,2026,20,0.0803187176621492,0.14751895084904665,0.20988594184062426,0.3465502693764079,-0.27944336971776296,0.5274725274725275,0.09828908554149796,0,20,0.1682281886169288,0.7602833673091146,1.2708770862361194,1.4379131326842614
base,20,none,2026,30,0.0803187176621492,0.14282683725411416,0.20304146412338264,0.3365995039643153,-0.27692264745582795,0.5384615384615384,0.09804097097338665,0,30,0.16340292914032695,0.7559591255921655,1.3021076172674926,1.4915566076167786
base,30,none,2023,5,0.09057528752215178,-0.1459937257606725,-0.1515448817918983,0.22751242947116446,-0.2687844535728082,0.4462809917355372,0.06443119681715569,0,5,-0.13299186892861925,-0.5923307862857263,-0.9988604305300536,-0.15711144932405202
base,30,none,2023,10,0.09057528752215178,-0.09455816279496487,-0.09826705661103396,0.17426990965197517,-0.19205480625137705,0.4834710743801653,0.06415517765780579,0,10,-0.08085128451003143,-0.48492311653974474,-1.0411221968357813,0.11278331782245607
base,30,none,2023,20,0.09057528752215178,-0.1454883480430479,-0.15102203507423584,0.16371574334442912,-0.2328464116277661,0.48760330578512395,0.06438108379167973,0,20,-0.1324919821776287,-0.8947667998436748,-1.868801994318487,-0.31821711915133477
base,30,none,2023,30,0.09057528752215178,-0.16951419884221774,-0.17586410139407382,0.15132943878786753,-0.24289533951685316,0.45867768595041325,0.06454846418915905,0,30,-0.1568474115951114,-1.1766477121659418,-2.579748201249609,-0.5890845695022074
base,30,none,2024,5,0.09145160812888418,-0.11898589114909719,-0.1235857546864052,0.33216564438619045,-0.31948618222138003,0.5041322314049587,0.06667123763897533,0,5,-0.10470897187955874,-0.21517508081319248,-0.6880753801522229,-1.1068617857787246
base,30,none,2024,10,0.09145160812888418,-0.011346045631242196,-0.011812110718418922,0.3026567759350891,-0.23983935089580133,0.49173553719008267,0.06847477885927476,0,10,0.0051352106433648625,0.1302333806496238,-0.21877091971437584,-0.7494526543751813
base,30,none,2024,20,0.09145160812888418,0.09504355549162713,0.09915968277510334,0.29076383426226887,-0.24086841629683287,0.512396694214876,0.06889106550193834,0,20,0.11338720785958278,0.4891116569829575,0.37501969104092275,-0.24776043937869177
base,30,none,2024,30,0.09145160812888418,0.027371690374040858,0.02851873201082067,0.2948285816788913,-0.2867266198796823,0.49173553719008267,0.06867851290048546,0,30,0.04453088237807612,0.26092805792188384,-0.0264819169463953,-0.5717981556964941
base,30,none,2025,5,0.10366462741901344,0.32828210568784844,0.34232175913402196,0.2913773851316911,-0.2431282707363034,0.522633744855967,0.06673456439881532,0,5,0.3500678770021888,1.1746597203558253,-0.02665487285604679,0.6025258949064689
base,30,none,2025,10,0.10366462741901344,0.23067928010642524,0.24017675906362435,0.2346441086258642,-0.20959096856531645,0.551440329218107,0.0669658323518406,0,10,0.25088124943525525,1.058685499427083,-0.7318599926152844,0.28477187967103595
base,30,none,2025,20,0.10366462741901344,0.3213492374161475,0.33505682846407825,0.2029594011706501,-0.16467167673331629,0.5802469135802469,0.06613473720421605,0,20,0.3427800341188687,1.5514871667085275,-0.29552043565808533,0.7456552966807451
base,30,none,2025,30,0.10366462741901344,0.3550685177856179,0.37040428958309457,0.2049922576893958,-0.15937723052217678,0.5802469135802469,0.06686046668774386,0,30,0.37727466855560565,1.6666447954978205,-0.0603485766214695,0.9534585411186789
base,30,none,2026,5,0.0803187176621492,-0.03837031544527847,-0.0527329671851251,0.3701273402309857,-0.3927049053821463,0.521978021978022,0.06486072798275143,0,5,-0.0269040324617289,0.05051569930007273,0.090616510178219,0.40524406335634705
base,30,none,2026,10,0.0803187176621492,-0.10124956605809077,-0.13740288215066243,0.3268105127068301,-0.361774900014487,0.5439560439560439,0.06509485898088363,0,10,-0.09049807931954712,-0.27394469683315176,-0.3877862411451871,0.10198561700959449
base,30,none,2026,20,0.0803187176621492,-0.03189370580140216,-0.04388786617687368,0.28296239545374086,-0.301973259164507,0.5604395604395604,0.06586650044657265,0,20,-0.020206254008870883,0.00033846257109153516,0.041027404075734956,0.5186609621691649
base,30,none,2026,30,0.0803187176621492,-0.04077426112165761,-0.05601021605567835,0.2754868776508777,-0.2793333997287014,0.5274725274725275,0.06564212677951588,0,30,-0.029237258482586514,-0.054119399855470034,-0.05874457275984221,0.473682555373965
base,5,none,2023,5,0.09057528752215178,0.0025975354634579784,0.002705016684579453,0.20826945892850768,-0.19799353120178165,0.48760330578512395,0.39160710890346084,0,5,0.10173493399552314,0.5304450055142733,0.39480073426866924,1.1019169098885542
base,5,none,2023,10,0.09057528752215178,-0.006342525156678547,-0.006603745719110932,0.1833815343193108,-0.129180036012295,0.5371900826446281,0.3914874913137834,0,10,0.09189154548714273,0.525324841989777,0.4087283227289529,1.2286288229067233
base,5,none,2023,20,0.09057528752215178,-0.04254701967263097,-0.04426567275654014,0.1654103590762331,-0.18906774566988338,0.5041322314049587,0.39107162998059775,0,20,0.05201786282912413,0.3294291080807315,0.09409730628993969,1.0900968912192106
base,5,none,2023,30,0.09057528752215178,-0.06942877951730642,-0.07219164521014299,0.15242540468304927,-0.19712974732262045,0.4834710743801653,0.3890597030972152,0,30,0.02200150515528354,0.14633780536101362,-0.2721805510262354,0.9729280989622451
base,5,none,2024,5,0.09145160812888418,0.16953818799474485,0.17713133241493195,0.37632318459899733,-0.23395910070488501,0.512396694214876,0.38453357835731455,0,5,0.28346957275554185,0.8468158416669368,0.8967527253433176,0.4183186469982021
base,5,none,2024,10,0.09145160812888418,0.11069243821698338,0.11552127396609069,0.33837516829877395,-0.24762220834956827,0.5247933884297521,0.3865769604103257,0,10,0.2195026183479991,0.7450926301351563,0.8250027229304524,0.24144116100528232
base,5,none,2024,20,0.09145160812888418,0.08644795233150648,0.09017670529863642,0.3198038237274035,-0.2531646943406767,0.5289256198347108,0.3866888104098257,0,20,0.1929794109400813,0.6968203764192255,0.8110418240917598,0.1446794566742609
base,5,none,2024,30,0.09145160812888418,0.1485306900941139,0.15512194894375853,0.3085558864905487,-0.21785566869680695,0.5371900826446281,0.3887077280122889,0,30,0.2617496822632457,0.8995154586918097,1.2708762466668089,0.39685539349658366
base,5,none,2025,5,0.10366462741901344,0.34328456337328306,0.35804758585391117,0.2764048259781517,-0.22752473105628668,0.5390946502057613,0.39252580830776906,0,5,0.47752297342164707,1.5600718810950311,0.4370954330793225,1.011829598940644
base,5,none,2025,10,0.10366462741901344,0.3671350828407589,0.3830614646352921,0.223676452827922,-0.13967590502407567,0.5679012345679012,0.3909563177863834,0,10,0.5032204260048436,1.9502173416685482,0.6984130484150529,1.4025760073613538
base,5,none,2025,20,0.10366462741901344,0.37371225199362557,0.3899623046924372,0.21146909984143683,-0.13289368125496415,0.5967078189300411,0.3870275179429317,0,20,0.5089989408100408,2.068351798803987,0.7961113444141645,1.578882660701595
base,5,none,2025,30,0.10366462741901344,0.48917651716246024,0.5113031698520596,0.21086911371316094,-0.13933224904712826,0.6008230452674898,0.3885240105587218,0,30,0.6363623660491928,2.472251294284903,1.7641836667028914,2.2484854281044457
base,5,none,2026,5,0.0803187176621492,0.28810059468091564,0.41983591632322903,0.3938906016671618,-0.3493083608777793,0.5769230769230769,0.3892805415569523,0,5,0.3824553271772235,1.305035898767277,1.6956694452437864,1.9102803949934741
base,5,none,2026,10,0.0803187176621492,0.17336956569803674,0.2477871800492657,0.36666927225164775,-0.3618818518606427,0.5164835164835165,0.38617792859162253,0,10,0.2587263259302415,1.0190213784904798,1.5002186934900845,1.735304751181721
base,5,none,2026,20,0.0803187176621492,0.09003544615477077,0.1267844876163271,0.341627452798723,-0.3570982883446224,0.521978021978022,0.38729812863112345,0,20,0.16956246672932496,0.7697254540337565,1.2177191832207457,1.4817092542684824
base,5,none,2026,30,0.0803187176621492,0.10021945187117542,0.14138695127109546,0.3343007419765389,-0.33283662180776497,0.5164835164835165,0.38765003462592945,0,30,0.18056890942836357,0.8182017410512961,1.327340344290857,1.5816762414655723
factor,0,liquidity,2023,5,0.10357966056148064,0.14660044482847656,0.15310047655502035,0.16471094374841586,-0.11468574266695697,0.5661157024793388,0.40227298840605646,0,5,0.2631709467978127,1.4866542755485979,1.77188987006967,2.293733937500073
factor,0,liquidity,2023,10,0.10357966056148064,0.150361526765721,0.15703944423108385,0.14803137009934714,-0.08865198471945734,0.5330578512396694,0.4028323091167848,0,10,0.2674817259903859,1.660471185630147,2.2975841692907975,2.6316156100395642
factor,0,liquidity,2023,20,0.10357966056148064,0.14247764130283724,0.14878329257504097,0.13698836135182368,-0.0743502036171898,0.5578512396694215,0.40312075140724263,0,20,0.25888924663537827,1.7312217374452576,2.4829760825792646,2.821766500282039
factor,0,liquidity,2023,30,0.10357966056148064,0.154174045009285,0.16103282412741615,0.13849884327729278,-0.08494940641217263,0.5413223140495868,0.4032091775358631,0,30,0.27180004100557165,1.7905814463917542,2.880382183730485,2.8462539127996314
factor,0,liquidity,2024,5,0.09666999299179,-0.0710370737521181,-0.07386136588602821,0.3489989399500787,-0.33110769165206866,0.49586776859504134,0.3996708898604693,0,5,0.02333472864673003,0.20892017282736988,-0.04293167511758635,-0.3875726610545962
factor,0,liquidity,2024,10,0.09666999299179,0.16523615351501575,0.17262278617931037,0.3428620464522822,-0.3180131361534525,0.5454545454545454,0.40056362476749935,0,10,0.2837795859873322,0.8954857572953558,1.3432231915362338,0.4069681670729096
factor,0,liquidity,2024,20,0.09666999299179,0.1371264071819176,0.1431807207302318,0.3546134538224065,-0.3121533260842225,0.5247933884297521,0.40064407726485074,0,20,0.2528433994115309,0.8056080515780734,1.5908543249211557,0.3500358851594073
factor,0,liquidity,2024,30,0.09666999299179,0.17782040481979733,0.18581305049631824,0.34999950970392135,-0.30798657455377343,0.5206611570247934,0.4008158654484291,0,30,0.297720654838036,0.9168561926589701,2.0081229965252563,0.4841944257746983
factor,0,liquidity,2025,5,0.10705739637751782,0.28165689957086615,0.29349074961673227,0.23382759387121166,-0.16139024670723612,0.551440329218107,0.4003854184510817,0,5,0.41248351893005997,1.5989814950432433,0.180161512854175,0.8787127453266098
factor,0,liquidity,2025,10,0.10705739637751782,0.31223372202063837,0.32550685816299607,0.21696013492666558,-0.13663606094659908,0.5720164609053497,0.40077324409565296,0,10,0.44631511735402585,1.8194265162106298,0.4056854037953395,1.109026371496717
factor,0,liquidity,2025,20,0.10705739637751782,0.4253611630682086,0.44419502428841495,0.2023434615224009,-0.11281194196116573,0.588477366255144,0.400986162298733,0,20,0.5710447416570499,2.360057001732551,1.3000047645922967,1.731425949294286
factor,0,liquidity,2025,30,0.10705739637751782,0.4433687617541653,0.4631207341926076,0.20200126547724365,-0.11354774169459902,0.6090534979423868,0.40103151003593984,0,30,0.5908978044074642,2.428499653818442,1.556266435870112,1.8551815337225475
factor,0,liquidity,2026,5,0.07818012049614179,0.038088630155462155,0.053121423401136125,0.3238741545529496,-0.3460108754441552,0.5384615384615384,0.39993718171175424,0,5,0.11644666044742058,0.5962129807757183,1.0299518551251243,1.1621947480486514
factor,0,liquidity,2026,10,0.07818012049614179,0.03859095370790855,0.05382708602528363,0.31620206039743093,-0.33883561503521475,0.5384615384615384,0.40044924997403253,0,10,0.1171061684075001,0.6051431333752945,1.1478266267958983,1.216823640939601
factor,0,liquidity,2026,20,0.07818012049614179,-0.02043715406583546,-0.02818591196426601,0.3126063209060457,-0.35598696688286247,0.521978021978022,0.40032841870350305,0,20,0.053614001957256185,0.34944593076508845,0.6723297946816322,0.9188272059746297
factor,0,liquidity,2026,30,0.07818012049614179,-0.03945670083500585,-0.0542144043844105,0.30517728724002635,-0.3236457120475491,0.510989010989011,0.4004210241548968,0,30,0.0331840190716286,0.2616976147153175,0.5233793238760782,0.834281261465821
factor,10,liquidity,2023,5,0.10357966056148064,0.024162285440482156,0.025173191891390667,0.1790406058700836,-0.17434361997636327,0.5165289256198347,0.19589589460231072,0,5,0.07340229229989292,0.43469540408811136,0.23246786582677004,1.0472497445782907
factor,10,liquidity,2023,10,0.10357966056148064,0.2896727597118174,0.30330120419904905,0.17274799417333586,-0.09724196160835386,0.5371900826446281,0.1943936869031928,0,10,0.35110723634604324,1.8329592903639693,2.3819051398242683,2.680626845130189
factor,10,liquidity,2023,20,0.10357966056148064,0.21252043414236677,0.22221410729178648,0.15239613700915502,-0.07353924336908613,0.5454545454545454,0.19441724208489097,0,20,0.2703131313243117,1.6352374466579684,2.305031833358106,2.6628114690133673
factor,10,liquidity,2023,30,0.10357966056148064,0.13748287666975756,0.143553899128269,0.14718404712532487,-0.09157723709641463,0.5413223140495868,0.195046137876826,0,30,0.19189229464413926,1.235944686951165,1.6984110435314523,2.2401990713872064
factor,10,liquidity,2024,5,0.09666999299179,-0.04558851834231192,-0.04742696030730009,0.40128621783402835,-0.3429278024448633,0.4793388429752066,0.1987383726012504,0,5,0.0013679081277591099,0.17160820276855912,-0.05884277315277293,-0.36392580333146163
factor,10,liquidity,2024,10,0.09666999299179,0.2182645582749727,0.22824400103617926,0.3525806197208827,-0.2787155661134877,0.5289256198347108,0.1991950865200173,0,10,0.2783918150004756,0.8659680531415062,1.3628435492703317,0.42000124224896096
factor,10,liquidity,2024,20,0.09666999299179,0.14333072675419523,0.14967654624668403,0.3509567784443416,-0.30089593191519604,0.5413223140495868,0.1990148304088955,0,20,0.19973955598379822,0.680309047290367,1.294988184082902,0.19355970646369827
factor,10,liquidity,2024,30,0.09666999299179,0.10112308667301506,0.10551495835749436,0.36112088987557617,-0.28185809493793257,0.5165289256198347,0.1982740047255487,0,30,0.15527081651814467,0.5624889849816733,1.2133228507410116,0.05725015539602958
factor,10,liquidity,2025,5,0.10705739637751782,0.3911424815670448,0.40825620241614247,0.27186698168562345,-0.21855437739602102,0.5761316872427984,0.19554107081473535,0,5,0.4588117522163633,1.5349780634195,0.35825657585444975,0.8858663257180945
factor,10,liquidity,2025,10,0.10705739637751782,0.4224826138549249,0.44117053120164207,0.24724394642271103,-0.17519683933670915,0.5761316872427984,0.1972619816278423,0,10,0.49212792187825394,1.7553530890296496,0.6144785413314519,1.1581665435722275
factor,10,liquidity,2025,20,0.10705739637751782,0.3827038150827129,0.39939833315297535,0.21561398320829003,-0.16234239852191457,0.5720164609053497,0.19778197189394137,0,20,0.45066935026148314,1.8435064249730528,0.46713492007444085,1.159005472433353
factor,10,liquidity,2025,30,0.10705739637751782,0.447216851599896,0.4671661554896971,0.21385159197067896,-0.14339828632234453,0.6008230452674898,0.19779852960744398,0,30,0.518344722344946,2.0783021714062526,1.0489202755114282,1.5577739035668374
factor,10,liquidity,2026,5,0.07818012049614179,-0.060924635173319364,-0.08335616932207168,0.31857364874428046,-0.35230488636137036,0.521978021978022,0.19692590188017828,0,5,-0.026644979861216278,0.0042946201263362495,0.03637150624953728,0.456484946975751
factor,10,liquidity,2026,10,0.07818012049614179,-0.11396199482830882,-0.15425056509559953,0.28891775437334627,-0.33803273981746607,0.5274725274725275,0.1978826876765439,0,10,-0.08148236400024567,-0.3030842643432519,-0.4831433453460574,0.12774634938822
factor,10,liquidity,2026,20,0.07818012049614179,-0.01240486005066277,-0.01713488117052475,0.29141898923867815,-0.34676720402037475,0.5164835164835165,0.1982880758114087,0,20,0.023905407982987237,0.2172836670185988,0.45145316136244135,0.8076580953860939
factor,10,liquidity,2026,30,0.07818012049614179,-0.0658493161476178,-0.09000535940823051,0.2862210121641867,-0.3421598377228937,0.510989010989011,0.19792758327815513,0,30,-0.03157335674963058,-0.05341580456140758,-0.06506182273944565,0.47454395193163157
factor,15,liquidity,2023,5,0.10357966056148064,-0.08090664768306599,-0.08410527061003248,0.1769137473070812,-0.22174265169752805,0.4834710743801653,0.13029842181165177,0,5,-0.051884297145117886,-0.2934977317759013,-0.6228233898294473,0.28427407213785505
factor,15,liquidity,2023,10,0.10357966056148064,-0.13166548715087545,-0.13671644013981732,0.16832651403592716,-0.2507233795376994,0.4669421487603306,0.13028986465414638,0,10,-0.10423150934200232,-0.6688143025417044,-1.4218461456151472,-0.06691948506406632
factor,15,liquidity,2023,20,0.10357966056148064,-0.02912655143075593,-0.030311703269592205,0.15589371599007695,-0.1775049070028356,0.5165289256198347,0.13019815272916993,0,20,0.0014890215647627159,0.010975293299478132,-0.4861924804841792,0.7593840578413963
factor,15,liquidity,2023,30,0.10357966056148064,0.03363054160038503,0.03504430977769979,0.147161680695968,-0.12192256633246734,0.5206611570247934,0.13021221817077736,0,30,0.06621330200185249,0.4461561842209873,0.26899940110813336,1.2848933644388243
factor,15,liquidity,2024,5,0.09666999299179,-0.06719426683373086,-0.06987159069360793,0.32068475212165093,-0.2758017504954533,0.5082644628099173,0.13295281880829507,0,5,-0.0367706939516933,0.001385398707791182,-0.3912162246480318,-0.7231232463744219
factor,15,liquidity,2024,10,0.09666999299179,0.1339164488618656,0.13982051892105773,0.32407817861415583,-0.22585756329002304,0.5041322314049587,0.13374072153219788,0,10,0.1711336049335983,0.6311851397768212,0.7040185206776021,0.06712849935188143
factor,15,liquidity,2024,20,0.09666999299179,0.31437019078004425,0.3293011825240202,0.3121041223169053,-0.1782503787684041,0.5537190082644629,0.13387087216013782,0,20,0.35749267364382065,1.1361378191075118,2.184547817165787,0.744019669174216
factor,15,liquidity,2024,30,0.09666999299179,0.2289619099182647,0.23947667237582815,0.31446486274652685,-0.21638271681328036,0.5289256198347108,0.13315694023943292,0,30,0.26910226681805716,0.9072897316104072,1.800202945617934,0.43156109790713904
factor,15,liquidity,2025,5,0.10705739637751782,0.11374500616638117,0.11819765212553723,0.2555862823504975,-0.20819866046544178,0.5761316872427984,0.13127494329776773,0,5,0.14988277692029506,0.6502501737528671,-1.112617777907847,-0.15210424499364275
factor,15,liquidity,2025,10,0.10705739637751782,0.18259649117565369,0.18996513587685349,0.2226339222079316,-0.16271888430679182,0.5596707818930041,0.13090340224922264,0,10,0.22083858971770765,0.9893903330746987,-0.9337771865280127,0.11577280635950962
factor,15,liquidity,2025,20,0.10705739637751782,0.19886307947272064,0.20694360458697636,0.20886801461413879,-0.14159424694970302,0.5843621399176955,0.1326778251217689,0,20,0.2381333897861586,1.1098748581346758,-1.1344919573141816,0.19646549739215746
factor,15,liquidity,2025,30,0.10705739637751782,0.23943858938504325,0.24933179251954174,0.20828751863417652,-0.13032455431096546,0.5761316872427984,0.13302664074476558,0,30,0.28017655194599134,1.2794976200615442,-0.8970833416022237,0.42092290587252
factor,15,liquidity,2026,5,0.07818012049614179,0.21196047371100013,0.30496661390046875,0.3105112347681246,-0.24942167342440014,0.5604395604395604,0.1319136653906899,0,5,0.2413197615939584,1.0806809012518162,1.545941970345096,1.7319209798202038
factor,15,liquidity,2026,10,0.07818012049614179,0.20712207265450688,0.29775872410417503,0.2653626117711521,-0.21881814678667488,0.5439560439560439,0.13071178986879803,0,10,0.23611846041114237,1.1935847156161696,2.0558649329750485,1.9983230797431448
factor,15,liquidity,2026,20,0.07818012049614179,0.08262817865318861,0.11619637108752046,0.24933268106538434,-0.24169515920066242,0.5164835164835165,0.13180822544367876,0,20,0.10883938318602149,0.649712253714888,1.3812946351861073,1.451807975705923
factor,15,liquidity,2026,30,0.07818012049614179,0.04966057684066727,0.06941091334183769,0.26468601312052165,-0.2698793142325834,0.5494505494505495,0.13277712486658477,0,30,0.07527752028433587,0.4669315694058937,1.0731129712905845,1.234856317011339
factor,20,liquidity,2023,5,0.10357966056148064,0.08454202615897466,0.08818528251931479,0.16344592342967573,-0.1123835870510026,0.5247933884297521,0.09777044765694098,0,5,0.1099785657895056,0.6733479339252647,0.4727249173712916,1.3246091930355894
factor,20,liquidity,2023,10,0.10357966056148064,0.04899336680066635,0.05106873974696735,0.1594226309776562,-0.153979113304607,0.5289256198347108,0.09673343368199185,0,10,0.0733256861541105,0.4669717232183696,0.26659700684636845,1.2310040581856938
factor,20,liquidity,2023,20,0.10357966056148064,0.05497107809797308,0.057306512169289725,0.14537477147261185,-0.1582808112122206,0.49173553719008267,0.09736876536575602,0,20,0.07958737323014242,0.5388763275053476,0.3867200315621058,1.4161242858337166
factor,20,liquidity,2023,30,0.10357966056148064,0.13936793461400998,0.1455273963200041,0.14933707201966012,-0.14274933685716984,0.5206611570247934,0.09768645539645056,0,30,0.16605138684592347,1.0664944099545444,1.3010793663208093,2.0007173793775253
factor,20,liquidity,2024,5,0.09666999299179,0.2588023730898099,0.2708316733959446,0.4089246710078483,-0.32748698957203315,0.5041322314049587,0.10140718362585073,0,5,0.28992385904522444,0.8219322276815182,1.0437685599705084,0.41743206200529037
factor,20,liquidity,2024,10,0.09666999299179,0.2180802284218859,0.22805048251537752,0.3840577488346077,-0.35003225267124727,0.5,0.10079781393033468,0,10,0.2480156453074538,0.7605778837434325,1.0501972324267568,0.3218744662047902
factor,20,liquidity,2024,20,0.09666999299179,0.2210326550885895,0.23115023025547643,0.35885255550780043,-0.3065260280389426,0.5,0.101342086521992,0,20,0.25123858334400495,0.7960502470456949,1.4440848999424203,0.3401394058278494
factor,20,liquidity,2024,30,0.09666999299179,0.18596464982033378,0.19435260197752746,0.3731191150570423,-0.3110459012728234,0.512396694214876,0.10080030458918941,0,30,0.2151771775282525,0.6982000895032562,1.3527961746673047,0.24302473892965865
factor,20,liquidity,2025,5,0.10705739637751782,0.5153461189277959,0.538854166518963,0.2772705946885859,-0.18928713803732344,0.5473251028806584,0.09963474903340545,0,5,0.5525204667629371,1.7425524921021598,0.7607083778638517,1.2249520017103932
factor,20,liquidity,2025,10,0.10705739637751782,0.28895029558786023,0.3011249101986502,0.2502251975807977,-0.17039573753458326,0.5679012345679012,0.09953026987408672,0,10,0.3205380752832432,1.232021877986366,-0.2867522414885751,0.5428244063042645
factor,20,liquidity,2025,20,0.10705739637751782,0.5032295614227238,0.5260958121328276,0.22482514450435928,-0.15900831994079645,0.5925925925925926,0.09992242582929134,0,20,0.5401301766191193,2.053319130579352,1.0992085374574896,1.491365118660781
factor,20,liquidity,2025,30,0.10705739637751782,0.46195127517276346,0.48265984024515585,0.22606191031818756,-0.1687777582253902,0.5925925925925926,0.10007314628268446,0,30,0.4978982430271526,1.9162401605768242,0.944267223950581,1.4081896257252928
factor,20,liquidity,2026,5,0.07818012049614179,-0.056303152520209676,-0.07710413918112824,0.3332170410349256,-0.38046725579321616,0.5164835164835165,0.09648038129982078,0,5,-0.03968965096940269,-0.03739937244114792,-0.02826001443174888,0.36380396630271966
factor,20,liquidity,2026,10,0.07818012049614179,0.005837570717493579,0.008091853203450627,0.2991042453219364,-0.3421262206653203,0.5439560439560439,0.09664491158977177,0,10,0.023632650201046435,0.21770536065347068,0.4281368569534102,0.7430316856609833
factor,20,liquidity,2026,20,0.07818012049614179,0.04527655532567065,0.06323148511072008,0.28624665551212797,-0.3030281546548238,0.5384615384615384,0.09798918631714472,0,20,0.06404653686240858,0.4016807409825925,0.8801739649908898,1.0772767470739044
factor,20,liquidity,2026,30,0.07818012049614179,0.09188121910378233,0.12942719463908858,0.2824806520484004,-0.29943126135558873,0.532967032967033,0.09768177476043619,0,30,0.11143615671076801,0.6168908385404761,1.3792387055030608,1.3879748114854584
factor,30,liquidity,2023,5,0.10357966056148064,0.09379947098588737,0.09785935076283891,0.18508135471369544,-0.16671167386512398,0.49173553719008267,0.06462591572965976,0,5,0.110510337206152,0.6172822651828236,0.43911457116249436,1.2612252100919834
factor,30,liquidity,2023,10,0.10357966056148064,-0.02663136241786712,-0.027716441341975706,0.17666923380212193,-0.17498306470687508,0.512396694214876,0.06503825494565577,0,10,-0.011660409639853486,-0.04876940741700536,-0.46501134547544676,0.6120483376150243
factor,30,liquidity,2023,20,0.10357966056148064,-0.015215093778288558,-0.01583881157787037,0.16017559651776342,-0.18031480445345605,0.512396694214876,0.06511632519610114,0,20,-0.00005877862119796351,0.004955109705522621,-0.5410418924696726,0.7421610114194171
factor,30,liquidity,2023,30,0.10357966056148064,-0.004916278686770581,-0.005118909868365384,0.15127642750214035,-0.1490873053387355,0.5082644628099173,0.06496350660288078,0,30,0.010361641712202108,0.06747514097888571,-0.4559916868540618,0.839403115431573
factor,30,liquidity,2024,5,0.09666999299179,-0.1280814738565601,-0.1330057201847028,0.37254133719313315,-0.34166407635122786,0.5041322314049587,0.0688816624264721,0,5,-0.11347702116263747,-0.18254179473984256,-0.7610629259604699,-0.8081243078691498
factor,30,liquidity,2024,10,0.09666999299179,-0.13781442707683245,-0.14308128969493994,0.3538558824541374,-0.35600740481127513,0.5082644628099173,0.06792449084736175,0,10,-0.12357290191860759,-0.24448662564239806,-1.0050030476154945,-0.9593743690475559
factor,30,liquidity,2024,20,0.09666999299179,-0.02385619591994359,-0.024829650155678618,0.3566259789601025,-0.3303015194349881,0.5206611570247934,0.06782511356785444,0,20,-0.007779292532455573,0.12235077779982254,-0.2961035941484777,-0.5095004668637024
factor,30,liquidity,2024,30,0.09666999299179,-0.03757062251356058,-0.03909238667191972,0.3710813025606947,-0.3420433463542707,0.5206611570247934,0.06785711018443119,0,30,-0.021703655615241013,0.09224539717192981,-0.4040417915738271,-0.531081823154244
factor,30,liquidity,2025,5,0.10705739637751782,0.21121205919465136,0.2198387219342388,0.26876495693578367,-0.18451585580160024,0.5267489711934157,0.06629928326035751,0,5,0.23094298778227462,0.8926200220720383,-0.6246392507242794,0.17602993293156347
factor,30,liquidity,2025,10,0.10705739637751782,0.4024260083036335,0.42010336224898204,0.23443671414754505,-0.15422993339937774,0.5473251028806584,0.06711818317371246,0,10,0.4255367040442397,1.6373285892095757,0.3087693375772087,1.0003529668859836
factor,30,liquidity,2025,20,0.10705739637751782,0.35375657549292616,0.3690283838996997,0.23812155803361276,-0.15394664157611193,0.5843621399176955,0.06786776253882286,0,20,0.3763115876460401,1.4634263274560146,0.009662781394511013,0.7988051661556476
factor,30,liquidity,2025,30,0.10705739637751782,0.34719554638101346,0.3621482155586393,0.2277039818356136,-0.13488364360357807,0.5761316872427984,0.06774507675890487,0,30,0.3695984908144514,1.497232372630864,-0.07388585109494404,0.8216696743404132
factor,30,liquidity,2026,5,0.07818012049614179,0.6143603001474247,0.9408887796541288,0.37596062127886704,-0.20536248868778295,0.5439560439560439,0.06417960378227809,0,5,0.6333005084334791,1.962835852010298,2.6194825429273156,2.476952246551187
factor,30,liquidity,2026,10,0.07818012049614179,0.20494237453921205,0.29451519815613203,0.28471648326850124,-0.20918836125304874,0.5274725274725275,0.06436311520460562,0,10,0.21917892422979612,1.0642233710798241,1.5871425961517132,1.6231216656014715
factor,30,liquidity,2026,20,0.07818012049614179,0.11894583945502113,0.16837372942730622,0.25267368093872417,-0.22667821772940033,0.532967032967033,0.06451937375341701,0,20,0.13218548077230907,0.7595603099857715,1.4300234862834182,1.4175691682456961
factor,30,liquidity,2026,30,0.07818012049614179,0.018048160372168276,0.025076176189307242,0.25963562635729676,-0.2622931585882303,0.5439560439560439,0.06545366179402318,0,30,0.030271769355082467,0.24286595944264958,0.6093057456267211,0.8702473772779927
factor,5,liquidity,2023,5,0.10357966056148064,-0.037470049383280135,-0.038987822995803056,0.19594721465018494,-0.20617751788223504,0.5206611570247934,0.3933495062395,0,5,0.058173714017249134,0.33719332868722307,0.1448775148575751,0.9126683356322961
factor,5,liquidity,2023,10,0.10357966056148064,0.012420335868181365,0.012936878788063044,0.1665645730163357,-0.16372511089778385,0.5165289256198347,0.3885447721045804,0,10,0.11171399926007619,0.6734685230010561,0.6409581792189392,1.4567816110616723
factor,5,liquidity,2023,20,0.10357966056148064,0.04945190274431299,0.051547172451170464,0.1504152306610615,-0.15428898087620857,0.5289256198347108,0.3863662570700515,0,20,0.15177322657265702,0.9747345726483321,1.2522506257095083,1.9519907792752669
factor,5,liquidity,2023,30,0.10357966056148064,0.09205011933295282,0.09603101088269717,0.14999548251376488,-0.12152980111757639,0.5537190082644629,0.3845065711526135,0,30,0.19796506799735902,1.250276800342108,1.9817493176567385,2.289730833850743
factor,5,liquidity,2024,5,0.09666999299179,-0.19606706919562955,-0.2032844709385121,0.36529740521145804,-0.3892737004924567,0.4669421487603306,0.3871293210901178,0,5,-0.11705430248813109,-0.20488535700104063,-0.7381782238462545,-0.8429289222304359
factor,5,liquidity,2024,10,0.09666999299179,-0.014515229427259357,-0.015110478099241376,0.34132330580381637,-0.2936444932211856,0.512396694214876,0.387244293885213,0,10,0.08229472286929185,0.37645814156551766,0.29519941025513,-0.21324048161019277
factor,5,liquidity,2024,20,0.09666999299179,0.0323944592338401,0.03375542094797268,0.3436260923002713,-0.28252562762683076,0.5330578512396694,0.3867786391823335,0,20,0.13364495849865765,0.5169460934336645,0.7731716144772611,-0.03785802214414592
factor,5,liquidity,2024,30,0.09666999299179,0.08718174325664729,0.09094345134010218,0.34943967092551625,-0.29177875683885013,0.5330578512396694,0.38627371181608444,0,30,0.19362429214107113,0.6680490282770154,1.2867599376386756,0.16916060750062742
factor,5,liquidity,2025,5,0.10705739637751782,0.501981541842083,0.5247819025492801,0.2831677604831669,-0.1879324888984646,0.5390946502057613,0.3926855076149912,0,5,0.652146787833148,1.9411107263199079,0.9814839474868747,1.3925706497990633
factor,5,liquidity,2025,10,0.10705739637751782,0.5531860868511795,0.5787226618106491,0.23817936046958008,-0.13639244842213272,0.5720164609053497,0.3920422777595294,0,10,0.7081900290851268,2.4036411504345776,1.4662633083224375,1.8596291435330294
factor,5,liquidity,2025,20,0.10705739637751782,0.48546826225263406,0.5074006131823854,0.2137231438018751,-0.13995307461425466,0.6008230452674898,0.3890363132253848,0,20,0.6325418670265099,2.432864452487089,1.5849452795365175,1.941581579167769
factor,5,liquidity,2025,30,0.10705739637751782,0.47912977316402605,0.5007308416347773,0.21628988084500889,-0.13416319560138978,0.6172839506172839,0.38591436302927046,0,30,0.6243349719292979,2.3823305856035444,1.751051005965618,1.9557967340348792
factor,5,liquidity,2026,5,0.07818012049614179,0.2699445665864262,0.39220112812278907,0.32618793463896173,-0.257735879363844,0.5384615384615384,0.38812895706997586,0,5,0.36276620493639244,1.4399480209787436,2.4337008152251416,2.3118405801025417
factor,5,liquidity,2026,10,0.07818012049614179,0.29253416010638733,0.4266069943523567,0.30235772046705095,-0.2570685729814115,0.5439560439560439,0.3835618950369825,0,10,0.3858645998912289,1.6061699674334105,2.9713214661654517,2.645426910754669
factor,5,liquidity,2026,20,0.07818012049614179,0.05738558535991567,0.08032373709961993,0.29089503989123183,-0.2854858879365926,0.532967032967033,0.3833311044529914,0,20,0.1337740880617697,0.7018883164462696,1.4044560981575804,1.4697749201886126
factor,5,liquidity,2026,30,0.07818012049614179,0.0658783658560318,0.09235659462838774,0.2824492479448355,-0.27778005079307067,0.532967032967033,0.38489096273005974,0,30,0.14319994958391935,0.7550413794012175,1.5013791147809834,1.5518098859007354
